-- phpMyAdmin SQL Dump
-- version 5.2.1
-- https://www.phpmyadmin.net/
--
-- Host: localhost
-- Generation Time: Sep 18, 2024 at 05:33 AM
-- Server version: 10.4.32-MariaDB
-- PHP Version: 8.2.12

SET SQL_MODE = "NO_AUTO_VALUE_ON_ZERO";
START TRANSACTION;
SET time_zone = "+00:00";


/*!40101 SET @OLD_CHARACTER_SET_CLIENT=@@CHARACTER_SET_CLIENT */;
/*!40101 SET @OLD_CHARACTER_SET_RESULTS=@@CHARACTER_SET_RESULTS */;
/*!40101 SET @OLD_COLLATION_CONNECTION=@@COLLATION_CONNECTION */;
/*!40101 SET NAMES utf8mb4 */;

--
-- Database: `eyeseeyou`
--

DROP DATABASE IF EXISTS `eyeseeyou`;

CREATE DATABASE IF NOT EXISTS `eyeseeyou` DEFAULT CHARACTER SET utf8mb4 COLLATE utf8mb4_general_ci;
USE `eyeseeyou`;

-- --------------------------------------------------------

--
-- Table structure for table `alerts`
--

CREATE TABLE alerts (
  `id` int(11) NOT NULL AUTO_INCREMENT,
  `start_timestamp` varchar(50) DEFAULT NULL,
  `end_timestamp` varchar(50) DEFAULT NULL,
  `pkt_num` bigint(20) DEFAULT NULL,
  `protocol` varchar(30) DEFAULT NULL,
  `pkt_gen` varchar(30) DEFAULT NULL,
  `pkt_len` int(11) DEFAULT NULL,
  `direction` varchar(10) DEFAULT NULL,
  `src_addr` varchar(50) DEFAULT NULL,
  `src_port` int(11) DEFAULT NULL,
  `dst_addr` varchar(50) DEFAULT NULL,
  `dst_port` int(11) DEFAULT NULL,
  `service` varchar(50) DEFAULT NULL,
  `rule` varchar(30) DEFAULT NULL,
  `priority` int(11) DEFAULT NULL,
  `class` varchar(100) DEFAULT NULL,
  `action` varchar(20) DEFAULT NULL,
  `b64_data` text DEFAULT NULL,
  `status` enum('Resolved','Open','In Progress','False Positive') NOT NULL DEFAULT 'Open',
  `count` int(10) DEFAULT NULL,
  `geoip` text,
  PRIMARY KEY (`id`),
  INDEX idx_class (`class`)
) ENGINE=InnoDB DEFAULT CHARSET=utf8mb4 COLLATE=utf8mb4_general_ci;

-- --------------------------------------------------------


--
-- Dumping data for table `alerts`
--

INSERT INTO `alerts` (`id`, `start_timestamp`, `end_timestamp`, `pkt_num`, `protocol`, `pkt_gen`, `pkt_len`, `direction`, `src_addr`, `src_port`, `dst_addr`, `dst_port`, `service`, `rule`, `priority`, `class`, `action`, `b64_data`, `status`, `count`, `geoip`) VALUES
(1, '2024-11-09 15:36:13', '2024-11-09 15:36:14', 1744, 'TCP', 'raw', 44, 'C2S', '39.109.197.40', 36051, '64.13.134.52', 161, 'unknown', '1:1418:19', 2, 'Attempted Information Leak', 'allow', NULL, 'Open', 4, '{\"latitude\":1.3931,\"country_code2\":\"SG\",\"location\":{\"lat\":1.3931,\"lon\":103.8817},\"city_name\":\"Singapore\",\"continent_code\":\"AS\",\"timezone\":\"Asia/Singapore\",\"longitude\":103.8817,\"postal_code\":\"79\",\"country_code3\":\"SG\",\"country_name\":\"Singapore\",\"ip\":\"39.109.197.40\"}'),
(2, '2024-11-09 15:36:27', '2024-11-09 15:37:07', 2573, 'ICMP', 'raw', 571, 'C2S', '10.0.2.7', NULL, '34.120.127.120', NULL, 'unknown', '1:402:16', 3, 'Misc activity', 'allow', 'AbvTpAILJBfiAAAAARDcVxlstgokaJvkw1x6MqbsCOtOOrEyrXoMQZLjiDX51jtbx2z8jvX4wf8j6qP4ANXrrbNof/hFELxGqBZfgkKkqVq2D51dHS3U4dVkbanOs6dDZurMdQsQxF8jkl9lzxFZ52szX+Or3Y+jCKtVPQ6N+GEu2xD55Z2glQysUt9eJELZ1URDeMiD8QSeBtXR+b0ccE6GD8rWYfrVguZMqwRbyqZ3FyHXXTQnL4J6syKsvZ50/TxA50b9a0v+j7Jf6DCExHsERSjQ0lyqWvYRlh0IZxPbroLwOpCQEEU0Xsh7LYVWE8o6Jwou5GUtcJfqwNI8+zYza3WQLEflxDFgjq31D5aauAMbO9n9fD/gT2VpjIoT1tkAlkFbpxzKzAa2dSBPFf5zPf1MVuAfU4wwbXQlyh79QiGtQMc26MyoGEhPnngCaEJOGkyMbO7dQMqlyC0B7CLLnU99p3UAuO7A6N/Ao7hY2n0fK6eT+YPQmoDD7FGaLy+2wrQr6wHCSltLA3QiJdu/mjxKm6BHxrE2qaKdtmRtrAO3gSSv0lWCwTO7pwVo3pYWZyfXlcuFyWVf3FcZbLYKJGib5MNcejKm7AUXL1X0mpZbJMX2FWyFYBxWqkYAjVihKF9klsUIlH45VN1tXUUgoBCwF0oLSSCKXsUAhawAJEVinmiolDcgJA==', 'Open', 3, '{}'),
(3, '2024-11-09 15:37:07', '2024-11-09 15:37:07', 2614, 'ICMP', 'raw', 84, 'C2S', '10.0.2.4', NULL, '10.0.2.7', NULL, 'unknown', '1:29456:3', 2, 'Information Leak', 'allow', 'WNklZwAAAACOPgEAAAAAABAREhMUFRYXGBkaGxwdHh8gISIjJCUmJygpKissLS4vMDEyMzQ1Njc=', 'Open', 1, NULL),
(4, '2024-11-09 15:37:07', '2024-11-09 15:37:07', 2620, 'ICMP', 'raw', 84, 'C2S', '10.0.2.4', NULL, '10.0.2.7', NULL, 'unknown', '1:366:11', 3, 'Misc activity', 'allow', 'WdklZwAAAACLRwEAAAAAABAREhMUFRYXGBkaGxwdHh8gISIjJCUmJygpKissLS4vMDEyMzQ1Njc=', 'Open', 5, '{}'),
(5, '2024-11-09 15:37:07', '2024-11-09 15:37:07', 2620, 'ICMP', 'raw', 84, 'C2S', '10.0.2.4', NULL, '10.0.2.7', NULL, 'unknown', '1:29456:3', 2, 'Information Leak', 'allow', 'WdklZwAAAACLRwEAAAAAABAREhMUFRYXGBkaGxwdHh8gISIjJCUmJygpKissLS4vMDEyMzQ1Njc=', 'Open', 1, NULL),
(6, '2024-11-09 15:37:07', '2024-11-09 15:37:07', 2626, 'ICMP', 'raw', 84, 'C2S', '10.0.2.4', NULL, '10.0.2.7', NULL, 'unknown', '1:366:11', 3, 'Misc activity', 'allow', 'WtklZwAAAAARUAEAAAAAABAREhMUFRYXGBkaGxwdHh8gISIjJCUmJygpKissLS4vMDEyMzQ1Njc=', 'Open', 3, '{}'),
(7, '2024-11-09 15:37:07', '2024-11-09 15:37:07', 2626, 'ICMP', 'raw', 84, 'C2S', '10.0.2.4', NULL, '10.0.2.7', NULL, 'unknown', '1:29456:3', 2, 'Information Leak', 'allow', 'WtklZwAAAAARUAEAAAAAABAREhMUFRYXGBkaGxwdHh8gISIjJCUmJygpKissLS4vMDEyMzQ1Njc=', 'Open', 1, NULL),
(8, '2024-11-09 15:37:07', '2024-11-09 15:37:07', 2628, 'ICMP', 'raw', 84, 'C2S', '10.0.2.4', NULL, '10.0.2.7', NULL, 'unknown', '1:366:11', 3, 'Misc activity', 'allow', 'W9klZwAAAAAsWQEAAAAAABAREhMUFRYXGBkaGxwdHh8gISIjJCUmJygpKissLS4vMDEyMzQ1Njc=', 'Open', 3, '{}'),
(9, '2024-11-09 15:37:07', '2024-11-09 15:37:07', 2628, 'ICMP', 'raw', 84, 'C2S', '10.0.2.4', NULL, '10.0.2.7', NULL, 'unknown', '1:29456:3', 2, 'Information Leak', 'allow', 'W9klZwAAAAAsWQEAAAAAABAREhMUFRYXGBkaGxwdHh8gISIjJCUmJygpKissLS4vMDEyMzQ1Njc=', 'Open', 1, NULL),
(10, '2024-11-09 15:37:07', '2024-11-09 15:37:07', 2632, 'ICMP', 'raw', 84, 'C2S', '10.0.2.4', NULL, '10.0.2.7', NULL, 'unknown', '1:366:11', 3, 'Misc activity', 'allow', 'XNklZwAAAAD1eAEAAAAAABAREhMUFRYXGBkaGxwdHh8gISIjJCUmJygpKissLS4vMDEyMzQ1Njc=', 'Open', 3, '{}'),
(11, '2024-11-09 15:37:07', '2024-11-09 15:37:07', 2632, 'ICMP', 'raw', 84, 'C2S', '10.0.2.4', NULL, '10.0.2.7', NULL, 'unknown', '1:29456:3', 2, 'Information Leak', 'allow', 'XNklZwAAAAD1eAEAAAAAABAREhMUFRYXGBkaGxwdHh8gISIjJCUmJygpKissLS4vMDEyMzQ1Njc=', 'Open', 1, NULL),
(12, '2024-11-09 15:37:07', '2024-11-09 15:37:51', 2729, 'ICMP', 'raw', 84, 'C2S', '10.0.2.4', NULL, '10.0.2.7', NULL, 'unknown', '1:366:11', 3, 'Misc activity', 'allow', 'WNklZwAAAACOPgEAAAAAABAREhMUFRYXGBkaGxwdHh8gISIjJCUmJygpKissLS4vMDEyMzQ1Njc=', 'Open', 3, '{}'),
(13, '2024-11-09 15:37:51', '2024-11-09 15:37:51', 2729, 'ICMP', 'raw', 84, 'C2S', '10.0.2.4', NULL, '10.0.2.7', NULL, 'unknown', '1:29456:3', 2, 'Information Leak', 'allow', 'WNklZwAAAACOPgEAAAAAABAREhMUFRYXGBkaGxwdHh8gISIjJCUmJygpKissLS4vMDEyMzQ1Njc=', 'Open', 1, NULL),
(14, '2024-11-09 15:37:51', '2024-11-09 15:37:51', 2731, 'ICMP', 'raw', 84, 'C2S', '10.0.2.4', NULL, '10.0.2.7', NULL, 'unknown', '1:366:11', 3, 'Misc activity', 'allow', 'WdklZwAAAACLRwEAAAAAABAREhMUFRYXGBkaGxwdHh8gISIjJCUmJygpKissLS4vMDEyMzQ1Njc=', 'Open', 3, '{}'),
(15, '2024-11-09 15:37:51', '2024-11-09 15:37:51', 2731, 'ICMP', 'raw', 84, 'C2S', '10.0.2.4', NULL, '10.0.2.7', NULL, 'unknown', '1:29456:3', 2, 'Information Leak', 'allow', 'WdklZwAAAACLRwEAAAAAABAREhMUFRYXGBkaGxwdHh8gISIjJCUmJygpKissLS4vMDEyMzQ1Njc=', 'Open', 1, NULL),
(16, '2024-11-09 15:37:51', '2024-11-09 15:37:51', 2733, 'ICMP', 'raw', 84, 'C2S', '10.0.2.4', NULL, '10.0.2.7', NULL, 'unknown', '1:366:11', 3, 'Misc activity', 'allow', 'WtklZwAAAAARUAEAAAAAABAREhMUFRYXGBkaGxwdHh8gISIjJCUmJygpKissLS4vMDEyMzQ1Njc=', 'Open', 3, '{}'),
(17, '2024-11-09 15:37:51', '2024-11-09 15:37:51', 2733, 'ICMP', 'raw', 84, 'C2S', '10.0.2.4', NULL, '10.0.2.7', NULL, 'unknown', '1:29456:3', 2, 'Information Leak', 'allow', 'WtklZwAAAAARUAEAAAAAABAREhMUFRYXGBkaGxwdHh8gISIjJCUmJygpKissLS4vMDEyMzQ1Njc=', 'Open', 1, NULL),
(18, '2024-11-09 15:37:51', '2024-11-09 15:37:51', 2735, 'ICMP', 'raw', 84, 'C2S', '10.0.2.4', NULL, '10.0.2.7', NULL, 'unknown', '1:366:11', 3, 'Misc activity', 'allow', 'W9klZwAAAAAsWQEAAAAAABAREhMUFRYXGBkaGxwdHh8gISIjJCUmJygpKissLS4vMDEyMzQ1Njc=', 'Open', 3, '{}'),
(19, '2024-11-09 15:37:51', '2024-11-09 15:37:51', 2735, 'ICMP', 'raw', 84, 'C2S', '10.0.2.4', NULL, '10.0.2.7', NULL, 'unknown', '1:29456:3', 2, 'Information Leak', 'allow', 'W9klZwAAAAAsWQEAAAAAABAREhMUFRYXGBkaGxwdHh8gISIjJCUmJygpKissLS4vMDEyMzQ1Njc=', 'Open', 1, NULL),
(20, '2024-11-09 15:37:51', '2024-11-09 15:37:51', 2739, 'ICMP', 'raw', 84, 'C2S', '10.0.2.4', NULL, '10.0.2.7', NULL, 'unknown', '1:366:11', 3, 'Misc activity', 'allow', 'XNklZwAAAAD1eAEAAAAAABAREhMUFRYXGBkaGxwdHh8gISIjJCUmJygpKissLS4vMDEyMzQ1Njc=', 'Open', 3, '{}'),
(21, '2024-11-09 15:37:51', '2024-11-09 15:37:51', 2739, 'ICMP', 'raw', 84, 'C2S', '10.0.2.4', NULL, '10.0.2.7', NULL, 'unknown', '1:29456:3', 2, 'Information Leak', 'allow', 'XNklZwAAAAD1eAEAAAAAABAREhMUFRYXGBkaGxwdHh8gISIjJCUmJygpKissLS4vMDEyMzQ1Njc=', 'Open', 1, NULL),
(22, '2024-11-09 15:37:51', '2024-11-09 15:38:15', 3194, 'ICMP', 'raw', 148, 'C2S', '172.16.16.150', NULL, '172.16.16.128', NULL, 'unknown', '1:408:8', 3, 'Misc activity', 'allow', 'AAAAAAAAAAAAAAAAAAAAAAAAAAAAAAAAAAAAAAAAAAAAAAAAAAAAAAAAAAAAAAAAAAAAAAAAAAAAAAAAAAAAAAAAAAAAAAAAAAAAAAAAAAAAAAAAAAAAAAAAAAAAAAAAAAAAAAAAAAAAAAAAAAAAAAAAAAAAAAAA', 'Open', 4, '{}'),
(23, '2024-11-09 15:38:15', '2024-11-09 15:38:15', 3195, 'ICMP', 'raw', 178, 'C2S', '39.109.196.42', NULL, '172.16.16.150', NULL, 'unknown', '1:29456:3', 2, 'Information Leak', 'allow', 'AAAAAAAAAAAAAAAAAAAAAAAAAAAAAAAAAAAAAAAAAAAAAAAAAAAAAAAAAAAAAAAAAAAAAAAAAAAAAAAAAAAAAAAAAAAAAAAAAAAAAAAAAAAAAAAAAAAAAAAAAAAAAAAAAAAAAAAAAAAAAAAAAAAAAAAAAAAAAAAAAAAAAAAAAAAAAAAAAAAAAAAAAAAAAAAAAAAAAAAA', 'Open', 1, NULL),
(24, '2024-11-09 15:38:15', '2024-11-09 15:38:15', 3196, 'ICMP', 'raw', 178, 'C2S', '172.16.16.150', NULL, '172.16.16.128', NULL, 'unknown', '1:408:8', 3, 'Misc activity', 'allow', 'AAAAAAAAAAAAAAAAAAAAAAAAAAAAAAAAAAAAAAAAAAAAAAAAAAAAAAAAAAAAAAAAAAAAAAAAAAAAAAAAAAAAAAAAAAAAAAAAAAAAAAAAAAAAAAAAAAAAAAAAAAAAAAAAAAAAAAAAAAAAAAAAAAAAAAAAAAAAAAAAAAAAAAAAAAAAAAAAAAAAAAAAAAAAAAAAAAAAAAAA', 'Open', 2, '{}'),
(25, '2024-11-09 15:38:15', '2024-11-09 15:38:15', 3201, 'UDP', 'raw', 328, 'C2S', '39.109.196.42', 54043, '172.16.16.150', 42283, 'unknown', '1:1390:17', 1, 'Executable code was detected', 'allow', 'Q0NDQ0NDQ0NDQ0NDQ0NDQ0NDQ0NDQ0NDQ0NDQ0NDQ0NDQ0NDQ0NDQ0NDQ0NDQ0NDQ0NDQ0NDQ0NDQ0NDQ0NDQ0NDQ0NDQ0NDQ0NDQ0NDQ0NDQ0NDQ0NDQ0NDQ0NDQ0NDQ0NDQ0NDQ0NDQ0NDQ0NDQ0NDQ0NDQ0NDQ0NDQ0NDQ0NDQ0NDQ0NDQ0NDQ0NDQ0NDQ0NDQ0NDQ0NDQ0NDQ0NDQ0NDQ0NDQ0NDQ0NDQ0NDQ0NDQ0NDQ0NDQ0NDQ0NDQ0NDQ0NDQ0NDQ0NDQ0NDQ0NDQ0NDQ0NDQ0NDQ0NDQ0NDQ0NDQ0NDQ0NDQ0NDQ0NDQ0NDQ0NDQ0NDQ0NDQ0NDQ0NDQ0NDQ0NDQ0NDQ0NDQ0NDQ0NDQ0NDQ0NDQ0NDQ0NDQ0NDQ0NDQ0NDQ0NDQ0ND', 'Open', 1, NULL),
(26, '2024-11-09 15:38:15', '2024-11-09 15:38:15', 3205, 'TCP', 'raw', 60, 'C2S', '39.109.196.42', 53951, '172.16.16.150', 135, 'unknown', '1:1257:15', 2, 'Attempted Denial of Service', 'allow', NULL, 'Open', 1, NULL),
(27, '2024-11-09 15:38:15', '2024-11-09 15:38:15', 3210, 'UDP', 'raw', 328, 'C2S', '39.109.196.42', 54043, '172.16.16.150', 42283, 'unknown', '1:1390:17', 1, 'Executable code was detected', 'allow', 'Q0NDQ0NDQ0NDQ0NDQ0NDQ0NDQ0NDQ0NDQ0NDQ0NDQ0NDQ0NDQ0NDQ0NDQ0NDQ0NDQ0NDQ0NDQ0NDQ0NDQ0NDQ0NDQ0NDQ0NDQ0NDQ0NDQ0NDQ0NDQ0NDQ0NDQ0NDQ0NDQ0NDQ0NDQ0NDQ0NDQ0NDQ0NDQ0NDQ0NDQ0NDQ0NDQ0NDQ0NDQ0NDQ0NDQ0NDQ0NDQ0NDQ0NDQ0NDQ0NDQ0NDQ0NDQ0NDQ0NDQ0NDQ0NDQ0NDQ0NDQ0NDQ0NDQ0NDQ0NDQ0NDQ0NDQ0NDQ0NDQ0NDQ0NDQ0NDQ0NDQ0NDQ0NDQ0NDQ0NDQ0NDQ0NDQ0NDQ0NDQ0NDQ0NDQ0NDQ0NDQ0NDQ0NDQ0NDQ0NDQ0NDQ0NDQ0NDQ0NDQ0NDQ0NDQ0NDQ0NDQ0NDQ0NDQ0NDQ0ND', 'Open', 1, NULL),
(28, '2024-11-09 15:38:15', '2024-11-09 15:38:15', 3212, 'TCP', 'raw', 60, 'C2S', '39.109.196.42', 53951, '172.16.16.150', 135, 'unknown', '1:1257:15', 2, 'Attempted Denial of Service', 'allow', NULL, 'Open', 1, NULL),
(29, '2024-11-09 15:38:15', '2024-11-09 15:38:15', 3217, 'UDP', 'raw', 328, 'C2S', '39.109.196.42', 54043, '172.16.16.150', 42283, 'unknown', '1:1390:17', 1, 'Executable code was detected', 'allow', 'Q0NDQ0NDQ0NDQ0NDQ0NDQ0NDQ0NDQ0NDQ0NDQ0NDQ0NDQ0NDQ0NDQ0NDQ0NDQ0NDQ0NDQ0NDQ0NDQ0NDQ0NDQ0NDQ0NDQ0NDQ0NDQ0NDQ0NDQ0NDQ0NDQ0NDQ0NDQ0NDQ0NDQ0NDQ0NDQ0NDQ0NDQ0NDQ0NDQ0NDQ0NDQ0NDQ0NDQ0NDQ0NDQ0NDQ0NDQ0NDQ0NDQ0NDQ0NDQ0NDQ0NDQ0NDQ0NDQ0NDQ0NDQ0NDQ0NDQ0NDQ0NDQ0NDQ0NDQ0NDQ0NDQ0NDQ0NDQ0NDQ0NDQ0NDQ0NDQ0NDQ0NDQ0NDQ0NDQ0NDQ0NDQ0NDQ0NDQ0NDQ0NDQ0NDQ0NDQ0NDQ0NDQ0NDQ0NDQ0NDQ0NDQ0NDQ0NDQ0NDQ0NDQ0NDQ0NDQ0NDQ0NDQ0NDQ0NDQ0ND', 'Open', 1, NULL),
(30, '2024-11-09 15:38:15', '2024-11-09 15:38:29', 3227, 'TCP', 'raw', 60, 'C2S', '39.109.196.42', 53951, '172.16.16.150', 135, 'unknown', '1:1257:15', 2, 'Attempted Denial of Service', 'allow', NULL, 'Open', 2, '{\"latitude\":1.3931,\"country_code2\":\"SG\",\"location\":{\"lat\":1.3931,\"lon\":103.8817},\"city_name\":\"Singapore\",\"continent_code\":\"AS\",\"timezone\":\"Asia/Singapore\",\"longitude\":103.8817,\"postal_code\":\"79\",\"country_code3\":\"SG\",\"country_name\":\"Singapore\",\"ip\":\"39.109.196.42\"}'),
(31, '2024-11-09 15:38:29', '2024-11-09 15:38:29', 3224, 'UDP', 'raw', 328, 'C2S', '39.109.196.42', 54043, '172.16.16.150', 42283, 'unknown', '1:1390:17', 1, 'Executable code was detected', 'allow', 'Q0NDQ0NDQ0NDQ0NDQ0NDQ0NDQ0NDQ0NDQ0NDQ0NDQ0NDQ0NDQ0NDQ0NDQ0NDQ0NDQ0NDQ0NDQ0NDQ0NDQ0NDQ0NDQ0NDQ0NDQ0NDQ0NDQ0NDQ0NDQ0NDQ0NDQ0NDQ0NDQ0NDQ0NDQ0NDQ0NDQ0NDQ0NDQ0NDQ0NDQ0NDQ0NDQ0NDQ0NDQ0NDQ0NDQ0NDQ0NDQ0NDQ0NDQ0NDQ0NDQ0NDQ0NDQ0NDQ0NDQ0NDQ0NDQ0NDQ0NDQ0NDQ0NDQ0NDQ0NDQ0NDQ0NDQ0NDQ0NDQ0NDQ0NDQ0NDQ0NDQ0NDQ0NDQ0NDQ0NDQ0NDQ0NDQ0NDQ0NDQ0NDQ0NDQ0NDQ0NDQ0NDQ0NDQ0NDQ0NDQ0NDQ0NDQ0NDQ0NDQ0NDQ0NDQ0NDQ0NDQ0NDQ0NDQ0NDQ0ND', 'Open', 1, NULL),
(32, '2024-11-09 15:39:13', '2024-11-09 15:39:13', 3320, 'ICMP', 'raw', 84, 'C2S', '10.0.2.4', NULL, '10.0.2.7', NULL, 'unknown', '1:366:11', 3, 'Misc activity', 'allow', 'WNklZwAAAACOPgEAAAAAABAREhMUFRYXGBkaGxwdHh8gISIjJCUmJygpKissLS4vMDEyMzQ1Njc=', 'Open', 1, NULL),
(33, '2024-11-09 15:39:13', '2024-11-09 15:39:13', 3320, 'ICMP', 'raw', 84, 'C2S', '10.0.2.4', NULL, '10.0.2.7', NULL, 'unknown', '1:29456:3', 2, 'Information Leak', 'allow', 'WNklZwAAAACOPgEAAAAAABAREhMUFRYXGBkaGxwdHh8gISIjJCUmJygpKissLS4vMDEyMzQ1Njc=', 'Open', 1, NULL),
(34, '2024-11-09 15:39:13', '2024-11-09 15:39:13', 3326, 'ICMP', 'raw', 84, 'C2S', '10.0.2.4', NULL, '10.0.2.7', NULL, 'unknown', '1:366:11', 3, 'Misc activity', 'allow', 'WdklZwAAAACLRwEAAAAAABAREhMUFRYXGBkaGxwdHh8gISIjJCUmJygpKissLS4vMDEyMzQ1Njc=', 'Open', 5, '{}'),
(35, '2024-11-09 15:39:13', '2024-11-09 15:39:13', 3326, 'ICMP', 'raw', 84, 'C2S', '10.0.2.4', NULL, '10.0.2.7', NULL, 'unknown', '1:29456:3', 2, 'Information Leak', 'allow', 'WdklZwAAAACLRwEAAAAAABAREhMUFRYXGBkaGxwdHh8gISIjJCUmJygpKissLS4vMDEyMzQ1Njc=', 'Open', 2, '{}'),
(36, '2024-11-09 15:39:13', '2024-11-09 15:39:13', 3330, 'ICMP', 'raw', 84, 'C2S', '10.0.2.4', NULL, '10.0.2.7', NULL, 'unknown', '1:366:11', 3, 'Misc activity', 'allow', 'W9klZwAAAAAsWQEAAAAAABAREhMUFRYXGBkaGxwdHh8gISIjJCUmJygpKissLS4vMDEyMzQ1Njc=', 'Open', 5, '{}'),
(37, '2024-11-09 15:39:13', '2024-11-09 15:39:13', 3330, 'ICMP', 'raw', 84, 'C2S', '10.0.2.4', NULL, '10.0.2.7', NULL, 'unknown', '1:29456:3', 2, 'Information Leak', 'allow', 'W9klZwAAAAAsWQEAAAAAABAREhMUFRYXGBkaGxwdHh8gISIjJCUmJygpKissLS4vMDEyMzQ1Njc=', 'Open', 1, NULL),
(38, '2024-11-09 15:39:13', '2024-11-09 15:39:13', 3332, 'ICMP', 'raw', 84, 'C2S', '10.0.2.4', NULL, '10.0.2.7', NULL, 'unknown', '1:366:11', 3, 'Misc activity', 'allow', 'XNklZwAAAAD1eAEAAAAAABAREhMUFRYXGBkaGxwdHh8gISIjJCUmJygpKissLS4vMDEyMzQ1Njc=', 'Open', 3, '{}'),
(39, '2024-11-09 15:39:13', '2024-11-09 15:39:13', 3332, 'ICMP', 'raw', 84, 'C2S', '10.0.2.4', NULL, '10.0.2.7', NULL, 'unknown', '1:29456:3', 2, 'Information Leak', 'allow', 'XNklZwAAAAD1eAEAAAAAABAREhMUFRYXGBkaGxwdHh8gISIjJCUmJygpKissLS4vMDEyMzQ1Njc=', 'Open', 1, NULL),
(40, '2024-11-09 15:39:13', '2024-11-09 15:39:13', 3332, 'ICMP', 'raw', 84, 'C2S', '10.0.2.4', NULL, '10.0.2.7', NULL, 'unknown', '1:384:8', 3, 'Misc activity', 'allow', 'XNklZwAAAAD1eAEAAAAAABAREhMUFRYXGBkaGxwdHh8gISIjJCUmJygpKissLS4vMDEyMzQ1Njc=', 'Open', 1, NULL),
(41, '2024-11-09 15:39:27', '2024-11-09 15:40:22', 7198, 'TCP', 'raw', 44, 'C2S', '39.109.197.40', 36051, '64.13.134.52', 161, 'unknown', '1:1418:19', 2, 'Attempted Information Leak', 'allow', NULL, 'Open', 8, '{\"latitude\":1.3931,\"country_code2\":\"SG\",\"location\":{\"lat\":1.3931,\"lon\":103.8817},\"city_name\":\"Singapore\",\"continent_code\":\"AS\",\"timezone\":\"Asia/Singapore\",\"longitude\":103.8817,\"postal_code\":\"79\",\"country_code3\":\"SG\",\"country_name\":\"Singapore\",\"ip\":\"39.109.197.40\"}'),
(42, '2024-11-09 15:41:06', '2024-11-09 15:41:06', 7709, 'ICMP', 'raw', 148, 'C2S', '39.109.196.42', NULL, '172.16.16.150', NULL, 'unknown', '1:365:11', 3, 'Misc activity', 'allow', 'AAAAAAAAAAAAAAAAAAAAAAAAAAAAAAAAAAAAAAAAAAAAAAAAAAAAAAAAAAAAAAAAAAAAAAAAAAAAAAAAAAAAAAAAAAAAAAAAAAAAAAAAAAAAAAAAAAAAAAAAAAAAAAAAAAAAAAAAAAAAAAAAAAAAAAAAAAAAAAAA', 'Open', 3, '{\"latitude\":1.3931,\"country_code2\":\"SG\",\"location\":{\"lat\":1.3931,\"lon\":103.8817},\"city_name\":\"Singapore\",\"continent_code\":\"AS\",\"timezone\":\"Asia/Singapore\",\"longitude\":103.8817,\"postal_code\":\"79\",\"country_code3\":\"SG\",\"country_name\":\"Singapore\",\"ip\":\"39.109.196.42\"}'),
(43, '2024-11-09 15:41:06', '2024-11-09 15:41:06', 7711, 'ICMP', 'raw', 178, 'C2S', '39.109.196.42', NULL, '172.16.16.150', NULL, 'unknown', '1:29456:3', 2, 'Information Leak', 'allow', 'AAAAAAAAAAAAAAAAAAAAAAAAAAAAAAAAAAAAAAAAAAAAAAAAAAAAAAAAAAAAAAAAAAAAAAAAAAAAAAAAAAAAAAAAAAAAAAAAAAAAAAAAAAAAAAAAAAAAAAAAAAAAAAAAAAAAAAAAAAAAAAAAAAAAAAAAAAAAAAAAAAAAAAAAAAAAAAAAAAAAAAAAAAAAAAAAAAAAAAAA', 'Open', 1, NULL),
(44, '2024-11-09 15:41:06', '2024-11-09 15:41:06', 7712, 'ICMP', 'raw', 178, 'C2S', '172.16.16.150', NULL, '172.16.16.128', NULL, 'unknown', '1:408:8', 3, 'Misc activity', 'allow', 'AAAAAAAAAAAAAAAAAAAAAAAAAAAAAAAAAAAAAAAAAAAAAAAAAAAAAAAAAAAAAAAAAAAAAAAAAAAAAAAAAAAAAAAAAAAAAAAAAAAAAAAAAAAAAAAAAAAAAAAAAAAAAAAAAAAAAAAAAAAAAAAAAAAAAAAAAAAAAAAAAAAAAAAAAAAAAAAAAAAAAAAAAAAAAAAAAAAAAAAA', 'Open', 1, NULL),
(45, '2024-11-09 15:41:06', '2024-11-09 15:41:06', 7713, 'UDP', 'raw', 328, 'C2S', '39.109.196.42', 54043, '172.16.16.150', 42283, 'unknown', '1:1390:17', 1, 'Executable code was detected', 'allow', 'Q0NDQ0NDQ0NDQ0NDQ0NDQ0NDQ0NDQ0NDQ0NDQ0NDQ0NDQ0NDQ0NDQ0NDQ0NDQ0NDQ0NDQ0NDQ0NDQ0NDQ0NDQ0NDQ0NDQ0NDQ0NDQ0NDQ0NDQ0NDQ0NDQ0NDQ0NDQ0NDQ0NDQ0NDQ0NDQ0NDQ0NDQ0NDQ0NDQ0NDQ0NDQ0NDQ0NDQ0NDQ0NDQ0NDQ0NDQ0NDQ0NDQ0NDQ0NDQ0NDQ0NDQ0NDQ0NDQ0NDQ0NDQ0NDQ0NDQ0NDQ0NDQ0NDQ0NDQ0NDQ0NDQ0NDQ0NDQ0NDQ0NDQ0NDQ0NDQ0NDQ0NDQ0NDQ0NDQ0NDQ0NDQ0NDQ0NDQ0NDQ0NDQ0NDQ0NDQ0NDQ0NDQ0NDQ0NDQ0NDQ0NDQ0NDQ0NDQ0NDQ0NDQ0NDQ0NDQ0NDQ0NDQ0NDQ0NDQ0ND', 'Open', 1, NULL),
(46, '2024-11-09 15:41:40', '2024-11-09 15:41:40', 7731, 'TCP', 'raw', 60, 'C2S', '39.109.196.42', 53951, '172.16.16.150', 135, 'unknown', '1:1257:15', 2, 'Attempted Denial of Service', 'allow', NULL, 'Open', 2, '{\"latitude\":1.3931,\"country_code2\":\"SG\",\"location\":{\"lat\":1.3931,\"lon\":103.8817},\"city_name\":\"Singapore\",\"continent_code\":\"AS\",\"timezone\":\"Asia/Singapore\",\"longitude\":103.8817,\"postal_code\":\"79\",\"country_code3\":\"SG\",\"country_name\":\"Singapore\",\"ip\":\"39.109.196.42\"}'),
(47, '2024-11-09 15:41:40', '2024-11-09 15:41:40', 7722, 'UDP', 'raw', 328, 'C2S', '39.109.196.42', 54043, '172.16.16.150', 42283, 'unknown', '1:1390:17', 1, 'Executable code was detected', 'allow', 'Q0NDQ0NDQ0NDQ0NDQ0NDQ0NDQ0NDQ0NDQ0NDQ0NDQ0NDQ0NDQ0NDQ0NDQ0NDQ0NDQ0NDQ0NDQ0NDQ0NDQ0NDQ0NDQ0NDQ0NDQ0NDQ0NDQ0NDQ0NDQ0NDQ0NDQ0NDQ0NDQ0NDQ0NDQ0NDQ0NDQ0NDQ0NDQ0NDQ0NDQ0NDQ0NDQ0NDQ0NDQ0NDQ0NDQ0NDQ0NDQ0NDQ0NDQ0NDQ0NDQ0NDQ0NDQ0NDQ0NDQ0NDQ0NDQ0NDQ0NDQ0NDQ0NDQ0NDQ0NDQ0NDQ0NDQ0NDQ0NDQ0NDQ0NDQ0NDQ0NDQ0NDQ0NDQ0NDQ0NDQ0NDQ0NDQ0NDQ0NDQ0NDQ0NDQ0NDQ0NDQ0NDQ0NDQ0NDQ0NDQ0NDQ0NDQ0NDQ0NDQ0NDQ0NDQ0NDQ0NDQ0NDQ0NDQ0NDQ0ND', 'Open', 1, NULL),
(48, '2024-11-09 15:41:40', '2024-11-09 15:41:40', 7724, 'TCP', 'raw', 60, 'C2S', '39.109.196.42', 53951, '172.16.16.150', 135, 'unknown', '1:1257:15', 2, 'Attempted Denial of Service', 'allow', NULL, 'Open', 1, NULL),
(49, '2024-11-09 15:41:40', '2024-11-09 15:41:40', 7736, 'UDP', 'raw', 328, 'C2S', '39.109.196.42', 54043, '172.16.16.150', 42283, 'unknown', '1:1390:17', 1, 'Executable code was detected', 'allow', 'Q0NDQ0NDQ0NDQ0NDQ0NDQ0NDQ0NDQ0NDQ0NDQ0NDQ0NDQ0NDQ0NDQ0NDQ0NDQ0NDQ0NDQ0NDQ0NDQ0NDQ0NDQ0NDQ0NDQ0NDQ0NDQ0NDQ0NDQ0NDQ0NDQ0NDQ0NDQ0NDQ0NDQ0NDQ0NDQ0NDQ0NDQ0NDQ0NDQ0NDQ0NDQ0NDQ0NDQ0NDQ0NDQ0NDQ0NDQ0NDQ0NDQ0NDQ0NDQ0NDQ0NDQ0NDQ0NDQ0NDQ0NDQ0NDQ0NDQ0NDQ0NDQ0NDQ0NDQ0NDQ0NDQ0NDQ0NDQ0NDQ0NDQ0NDQ0NDQ0NDQ0NDQ0NDQ0NDQ0NDQ0NDQ0NDQ0NDQ0NDQ0NDQ0NDQ0NDQ0NDQ0NDQ0NDQ0NDQ0NDQ0NDQ0NDQ0NDQ0NDQ0NDQ0NDQ0NDQ0NDQ0NDQ0NDQ0NDQ0ND', 'Open', 2, '{\"latitude\":1.3931,\"country_code2\":\"SG\",\"location\":{\"lat\":1.3931,\"lon\":103.8817},\"city_name\":\"Singapore\",\"continent_code\":\"AS\",\"timezone\":\"Asia/Singapore\",\"longitude\":103.8817,\"postal_code\":\"79\",\"country_code3\":\"SG\",\"country_name\":\"Singapore\",\"ip\":\"39.109.196.42\"}'),
(50, '2024-11-09 15:41:40', '2024-11-09 15:41:40', 7739, 'TCP', 'raw', 60, 'C2S', '39.109.196.42', 53951, '172.16.16.150', 135, 'unknown', '1:1257:15', 2, 'Attempted Denial of Service', 'allow', NULL, 'Open', 1, NULL),
(51, '2024-11-09 15:41:40', '2024-11-09 15:41:40', 7764, 'ICMP', 'raw', 148, 'C2S', '172.16.16.150', NULL, '172.16.16.128', NULL, 'unknown', '1:408:8', 3, 'Misc activity', 'allow', 'AAAAAAAAAAAAAAAAAAAAAAAAAAAAAAAAAAAAAAAAAAAAAAAAAAAAAAAAAAAAAAAAAAAAAAAAAAAAAAAAAAAAAAAAAAAAAAAAAAAAAAAAAAAAAAAAAAAAAAAAAAAAAAAAAAAAAAAAAAAAAAAAAAAAAAAAAAAAAAAA', 'Open', 2, '{}'),
(52, '2024-11-09 15:41:40', '2024-11-09 15:41:40', 7765, 'ICMP', 'raw', 178, 'C2S', '39.109.196.42', NULL, '172.16.16.150', NULL, 'unknown', '1:29456:3', 2, 'Information Leak', 'allow', 'AAAAAAAAAAAAAAAAAAAAAAAAAAAAAAAAAAAAAAAAAAAAAAAAAAAAAAAAAAAAAAAAAAAAAAAAAAAAAAAAAAAAAAAAAAAAAAAAAAAAAAAAAAAAAAAAAAAAAAAAAAAAAAAAAAAAAAAAAAAAAAAAAAAAAAAAAAAAAAAAAAAAAAAAAAAAAAAAAAAAAAAAAAAAAAAAAAAAAAAA', 'Open', 1, NULL),
(53, '2024-11-09 15:41:40', '2024-11-09 15:41:40', 7766, 'ICMP', 'raw', 178, 'C2S', '172.16.16.150', NULL, '172.16.16.128', NULL, 'unknown', '1:408:8', 3, 'Misc activity', 'allow', 'AAAAAAAAAAAAAAAAAAAAAAAAAAAAAAAAAAAAAAAAAAAAAAAAAAAAAAAAAAAAAAAAAAAAAAAAAAAAAAAAAAAAAAAAAAAAAAAAAAAAAAAAAAAAAAAAAAAAAAAAAAAAAAAAAAAAAAAAAAAAAAAAAAAAAAAAAAAAAAAAAAAAAAAAAAAAAAAAAAAAAAAAAAAAAAAAAAAAAAAA', 'Open', 2, '{}'),
(54, '2024-11-09 15:41:40', '2024-11-09 15:41:40', 7767, 'UDP', 'raw', 328, 'C2S', '39.109.196.42', 54043, '172.16.16.150', 42283, 'unknown', '1:1390:17', 1, 'Executable code was detected', 'allow', 'Q0NDQ0NDQ0NDQ0NDQ0NDQ0NDQ0NDQ0NDQ0NDQ0NDQ0NDQ0NDQ0NDQ0NDQ0NDQ0NDQ0NDQ0NDQ0NDQ0NDQ0NDQ0NDQ0NDQ0NDQ0NDQ0NDQ0NDQ0NDQ0NDQ0NDQ0NDQ0NDQ0NDQ0NDQ0NDQ0NDQ0NDQ0NDQ0NDQ0NDQ0NDQ0NDQ0NDQ0NDQ0NDQ0NDQ0NDQ0NDQ0NDQ0NDQ0NDQ0NDQ0NDQ0NDQ0NDQ0NDQ0NDQ0NDQ0NDQ0NDQ0NDQ0NDQ0NDQ0NDQ0NDQ0NDQ0NDQ0NDQ0NDQ0NDQ0NDQ0NDQ0NDQ0NDQ0NDQ0NDQ0NDQ0NDQ0NDQ0NDQ0NDQ0NDQ0NDQ0NDQ0NDQ0NDQ0NDQ0NDQ0NDQ0NDQ0NDQ0NDQ0NDQ0NDQ0NDQ0NDQ0NDQ0NDQ0NDQ0ND', 'Open', 1, NULL),
(55, '2024-11-09 15:41:40', '2024-11-09 15:41:40', 7771, 'TCP', 'raw', 60, 'C2S', '39.109.196.42', 53951, '172.16.16.150', 135, 'unknown', '1:1257:15', 2, 'Attempted Denial of Service', 'allow', NULL, 'Open', 1, NULL),
(56, '2024-11-09 15:41:40', '2024-11-09 15:41:40', 7776, 'UDP', 'raw', 328, 'C2S', '39.109.196.42', 54043, '172.16.16.150', 42283, 'unknown', '1:1390:17', 1, 'Executable code was detected', 'allow', 'Q0NDQ0NDQ0NDQ0NDQ0NDQ0NDQ0NDQ0NDQ0NDQ0NDQ0NDQ0NDQ0NDQ0NDQ0NDQ0NDQ0NDQ0NDQ0NDQ0NDQ0NDQ0NDQ0NDQ0NDQ0NDQ0NDQ0NDQ0NDQ0NDQ0NDQ0NDQ0NDQ0NDQ0NDQ0NDQ0NDQ0NDQ0NDQ0NDQ0NDQ0NDQ0NDQ0NDQ0NDQ0NDQ0NDQ0NDQ0NDQ0NDQ0NDQ0NDQ0NDQ0NDQ0NDQ0NDQ0NDQ0NDQ0NDQ0NDQ0NDQ0NDQ0NDQ0NDQ0NDQ0NDQ0NDQ0NDQ0NDQ0NDQ0NDQ0NDQ0NDQ0NDQ0NDQ0NDQ0NDQ0NDQ0NDQ0NDQ0NDQ0NDQ0NDQ0NDQ0NDQ0NDQ0NDQ0NDQ0NDQ0NDQ0NDQ0NDQ0NDQ0NDQ0NDQ0NDQ0NDQ0NDQ0NDQ0NDQ0ND', 'Open', 1, NULL),
(57, '2024-11-09 15:41:40', '2024-11-09 15:41:40', 7778, 'TCP', 'raw', 60, 'C2S', '39.109.196.42', 53951, '172.16.16.150', 135, 'unknown', '1:1257:15', 2, 'Attempted Denial of Service', 'allow', NULL, 'Open', 1, NULL),
(58, '2024-11-09 15:42:56', '2024-11-09 15:42:56', 7783, 'UDP', 'raw', 328, 'C2S', '39.109.196.42', 54043, '172.16.16.150', 42283, 'unknown', '1:1390:17', 1, 'Executable code was detected', 'allow', 'Q0NDQ0NDQ0NDQ0NDQ0NDQ0NDQ0NDQ0NDQ0NDQ0NDQ0NDQ0NDQ0NDQ0NDQ0NDQ0NDQ0NDQ0NDQ0NDQ0NDQ0NDQ0NDQ0NDQ0NDQ0NDQ0NDQ0NDQ0NDQ0NDQ0NDQ0NDQ0NDQ0NDQ0NDQ0NDQ0NDQ0NDQ0NDQ0NDQ0NDQ0NDQ0NDQ0NDQ0NDQ0NDQ0NDQ0NDQ0NDQ0NDQ0NDQ0NDQ0NDQ0NDQ0NDQ0NDQ0NDQ0NDQ0NDQ0NDQ0NDQ0NDQ0NDQ0NDQ0NDQ0NDQ0NDQ0NDQ0NDQ0NDQ0NDQ0NDQ0NDQ0NDQ0NDQ0NDQ0NDQ0NDQ0NDQ0NDQ0NDQ0NDQ0NDQ0NDQ0NDQ0NDQ0NDQ0NDQ0NDQ0NDQ0NDQ0NDQ0NDQ0NDQ0NDQ0NDQ0NDQ0NDQ0NDQ0NDQ0ND', 'Open', 1, NULL),
(59, '2024-11-09 15:42:56', '2024-11-09 15:42:56', 7785, 'TCP', 'raw', 60, 'C2S', '39.109.196.42', 53951, '172.16.16.150', 135, 'unknown', '1:1257:15', 2, 'Attempted Denial of Service', 'allow', NULL, 'Open', 1, NULL),
(60, '2024-11-09 15:42:56', '2024-11-09 15:42:56', 7799, 'ICMP', 'raw', 84, 'C2S', '10.0.2.4', NULL, '10.0.2.7', NULL, 'unknown', '1:29456:3', 2, 'Information Leak', 'allow', 'WNklZwAAAACOPgEAAAAAABAREhMUFRYXGBkaGxwdHh8gISIjJCUmJygpKissLS4vMDEyMzQ1Njc=', 'Open', 1, NULL),
(61, '2024-11-09 15:42:56', '2024-11-09 15:42:56', 7790, 'UDP', 'raw', 328, 'C2S', '39.109.196.42', 54043, '172.16.16.150', 42283, 'unknown', '1:1390:17', 1, 'Executable code was detected', 'allow', 'Q0NDQ0NDQ0NDQ0NDQ0NDQ0NDQ0NDQ0NDQ0NDQ0NDQ0NDQ0NDQ0NDQ0NDQ0NDQ0NDQ0NDQ0NDQ0NDQ0NDQ0NDQ0NDQ0NDQ0NDQ0NDQ0NDQ0NDQ0NDQ0NDQ0NDQ0NDQ0NDQ0NDQ0NDQ0NDQ0NDQ0NDQ0NDQ0NDQ0NDQ0NDQ0NDQ0NDQ0NDQ0NDQ0NDQ0NDQ0NDQ0NDQ0NDQ0NDQ0NDQ0NDQ0NDQ0NDQ0NDQ0NDQ0NDQ0NDQ0NDQ0NDQ0NDQ0NDQ0NDQ0NDQ0NDQ0NDQ0NDQ0NDQ0NDQ0NDQ0NDQ0NDQ0NDQ0NDQ0NDQ0NDQ0NDQ0NDQ0NDQ0NDQ0NDQ0NDQ0NDQ0NDQ0NDQ0NDQ0NDQ0NDQ0NDQ0NDQ0NDQ0NDQ0NDQ0NDQ0NDQ0NDQ0NDQ0NDQ0ND', 'Open', 1, NULL),
(62, '2024-11-09 15:42:56', '2024-11-09 15:42:56', 7803, 'ICMP', 'raw', 84, 'C2S', '10.0.2.4', NULL, '10.0.2.7', NULL, 'unknown', '1:29456:3', 2, 'Information Leak', 'allow', 'WtklZwAAAAARUAEAAAAAABAREhMUFRYXGBkaGxwdHh8gISIjJCUmJygpKissLS4vMDEyMzQ1Njc=', 'Open', 1, NULL),
(63, '2024-11-09 15:42:56', '2024-11-09 15:42:56', 7804, 'ICMP', 'raw', 84, 'S2C', '10.0.2.7', NULL, '10.0.2.4', NULL, 'unknown', '1:408:8', 3, 'Misc activity', 'allow', 'WtklZwAAAAARUAEAAAAAABAREhMUFRYXGBkaGxwdHh8gISIjJCUmJygpKissLS4vMDEyMzQ1Njc=', 'Open', 1, NULL),
(64, '2024-11-09 15:42:56', '2024-11-09 15:42:56', 7793, 'TCP', 'raw', 60, 'C2S', '39.109.196.42', 53951, '172.16.16.150', 135, 'unknown', '1:1257:15', 2, 'Attempted Denial of Service', 'allow', NULL, 'Open', 1, NULL),
(65, '2024-11-09 15:42:56', '2024-11-09 15:42:56', 7799, 'ICMP', 'raw', 84, 'C2S', '10.0.2.4', NULL, '10.0.2.7', NULL, 'unknown', '1:366:11', 3, 'Misc activity', 'allow', 'WNklZwAAAACOPgEAAAAAABAREhMUFRYXGBkaGxwdHh8gISIjJCUmJygpKissLS4vMDEyMzQ1Njc=', 'Open', 1, NULL),
(66, '2024-11-09 15:42:56', '2024-11-09 15:42:56', 7799, 'ICMP', 'raw', 84, 'C2S', '10.0.2.4', NULL, '10.0.2.7', NULL, 'unknown', '1:384:8', 3, 'Misc activity', 'allow', 'WNklZwAAAACOPgEAAAAAABAREhMUFRYXGBkaGxwdHh8gISIjJCUmJygpKissLS4vMDEyMzQ1Njc=', 'Open', 2, '{}'),
(67, '2024-11-09 15:42:56', '2024-11-09 15:42:56', 7807, 'ICMP', 'raw', 84, 'C2S', '10.0.2.4', NULL, '10.0.2.7', NULL, 'unknown', '1:29456:3', 2, 'Information Leak', 'allow', 'XNklZwAAAAD1eAEAAAAAABAREhMUFRYXGBkaGxwdHh8gISIjJCUmJygpKissLS4vMDEyMzQ1Njc=', 'Open', 1, NULL),
(68, '2024-11-09 15:42:56', '2024-11-09 15:42:56', 7827, 'ICMP', 'raw', 148, 'C2S', '172.16.16.150', NULL, '172.16.16.128', NULL, 'unknown', '1:408:8', 3, 'Misc activity', 'allow', 'AAAAAAAAAAAAAAAAAAAAAAAAAAAAAAAAAAAAAAAAAAAAAAAAAAAAAAAAAAAAAAAAAAAAAAAAAAAAAAAAAAAAAAAAAAAAAAAAAAAAAAAAAAAAAAAAAAAAAAAAAAAAAAAAAAAAAAAAAAAAAAAAAAAAAAAAAAAAAAAA', 'Open', 4, '{}'),
(69, '2024-11-09 15:42:56', '2024-11-09 15:42:56', 7801, 'ICMP', 'raw', 84, 'C2S', '10.0.2.4', NULL, '10.0.2.7', NULL, 'unknown', '1:29456:3', 2, 'Information Leak', 'allow', 'WdklZwAAAACLRwEAAAAAABAREhMUFRYXGBkaGxwdHh8gISIjJCUmJygpKissLS4vMDEyMzQ1Njc=', 'Open', 1, NULL),
(70, '2024-11-09 15:42:56', '2024-11-09 15:42:56', 7802, 'ICMP', 'raw', 84, 'S2C', '10.0.2.7', NULL, '10.0.2.4', NULL, 'unknown', '1:408:8', 3, 'Misc activity', 'allow', 'WdklZwAAAACLRwEAAAAAABAREhMUFRYXGBkaGxwdHh8gISIjJCUmJygpKissLS4vMDEyMzQ1Njc=', 'Open', 3, '{}'),
(71, '2024-11-09 15:42:56', '2024-11-09 15:42:56', 7839, 'UDP', 'raw', 328, 'C2S', '39.109.196.42', 54043, '172.16.16.150', 42283, 'unknown', '1:1390:17', 1, 'Executable code was detected', 'allow', 'Q0NDQ0NDQ0NDQ0NDQ0NDQ0NDQ0NDQ0NDQ0NDQ0NDQ0NDQ0NDQ0NDQ0NDQ0NDQ0NDQ0NDQ0NDQ0NDQ0NDQ0NDQ0NDQ0NDQ0NDQ0NDQ0NDQ0NDQ0NDQ0NDQ0NDQ0NDQ0NDQ0NDQ0NDQ0NDQ0NDQ0NDQ0NDQ0NDQ0NDQ0NDQ0NDQ0NDQ0NDQ0NDQ0NDQ0NDQ0NDQ0NDQ0NDQ0NDQ0NDQ0NDQ0NDQ0NDQ0NDQ0NDQ0NDQ0NDQ0NDQ0NDQ0NDQ0NDQ0NDQ0NDQ0NDQ0NDQ0NDQ0NDQ0NDQ0NDQ0NDQ0NDQ0NDQ0NDQ0NDQ0NDQ0NDQ0NDQ0NDQ0NDQ0NDQ0NDQ0NDQ0NDQ0NDQ0NDQ0NDQ0NDQ0NDQ0NDQ0NDQ0NDQ0NDQ0NDQ0NDQ0NDQ0NDQ0NDQ0ND', 'Open', 2, '{\"latitude\":1.3931,\"country_code2\":\"SG\",\"location\":{\"lat\":1.3931,\"lon\":103.8817},\"city_name\":\"Singapore\",\"continent_code\":\"AS\",\"timezone\":\"Asia/Singapore\",\"longitude\":103.8817,\"postal_code\":\"79\",\"country_code3\":\"SG\",\"country_name\":\"Singapore\",\"ip\":\"39.109.196.42\"}'),
(72, '2024-11-09 15:42:56', '2024-11-09 15:42:56', 7805, 'ICMP', 'raw', 84, 'C2S', '10.0.2.4', NULL, '10.0.2.7', NULL, 'unknown', '1:366:11', 3, 'Misc activity', 'allow', 'W9klZwAAAAAsWQEAAAAAABAREhMUFRYXGBkaGxwdHh8gISIjJCUmJygpKissLS4vMDEyMzQ1Njc=', 'Open', 3, '{}'),
(73, '2024-11-09 15:42:56', '2024-11-09 15:42:56', 7805, 'ICMP', 'raw', 84, 'C2S', '10.0.2.4', NULL, '10.0.2.7', NULL, 'unknown', '1:29456:3', 2, 'Information Leak', 'allow', 'W9klZwAAAAAsWQEAAAAAABAREhMUFRYXGBkaGxwdHh8gISIjJCUmJygpKissLS4vMDEyMzQ1Njc=', 'Open', 1, NULL),
(74, '2024-11-09 15:42:56', '2024-11-09 15:42:56', 7826, 'ICMP', 'raw', 148, 'C2S', '39.109.196.42', NULL, '172.16.16.150', NULL, 'unknown', '1:365:11', 3, 'Misc activity', 'allow', 'AAAAAAAAAAAAAAAAAAAAAAAAAAAAAAAAAAAAAAAAAAAAAAAAAAAAAAAAAAAAAAAAAAAAAAAAAAAAAAAAAAAAAAAAAAAAAAAAAAAAAAAAAAAAAAAAAAAAAAAAAAAAAAAAAAAAAAAAAAAAAAAAAAAAAAAAAAAAAAAA', 'Open', 4, '{\"latitude\":1.3931,\"country_code2\":\"SG\",\"location\":{\"lat\":1.3931,\"lon\":103.8817},\"city_name\":\"Singapore\",\"continent_code\":\"AS\",\"timezone\":\"Asia/Singapore\",\"longitude\":103.8817,\"postal_code\":\"79\",\"country_code3\":\"SG\",\"country_name\":\"Singapore\",\"ip\":\"39.109.196.42\"}'),
(75, '2024-11-09 15:42:56', '2024-11-09 15:42:56', 7828, 'ICMP', 'raw', 178, 'C2S', '39.109.196.42', NULL, '172.16.16.150', NULL, 'unknown', '1:29456:3', 2, 'Information Leak', 'allow', 'AAAAAAAAAAAAAAAAAAAAAAAAAAAAAAAAAAAAAAAAAAAAAAAAAAAAAAAAAAAAAAAAAAAAAAAAAAAAAAAAAAAAAAAAAAAAAAAAAAAAAAAAAAAAAAAAAAAAAAAAAAAAAAAAAAAAAAAAAAAAAAAAAAAAAAAAAAAAAAAAAAAAAAAAAAAAAAAAAAAAAAAAAAAAAAAAAAAAAAAA', 'Open', 1, NULL),
(76, '2024-11-09 15:42:56', '2024-11-09 15:42:56', 7829, 'ICMP', 'raw', 178, 'C2S', '172.16.16.150', NULL, '172.16.16.128', NULL, 'unknown', '1:408:8', 3, 'Misc activity', 'allow', 'AAAAAAAAAAAAAAAAAAAAAAAAAAAAAAAAAAAAAAAAAAAAAAAAAAAAAAAAAAAAAAAAAAAAAAAAAAAAAAAAAAAAAAAAAAAAAAAAAAAAAAAAAAAAAAAAAAAAAAAAAAAAAAAAAAAAAAAAAAAAAAAAAAAAAAAAAAAAAAAAAAAAAAAAAAAAAAAAAAAAAAAAAAAAAAAAAAAAAAAA', 'Open', 1, NULL),
(77, '2024-11-09 15:42:56', '2024-11-09 15:43:18', 7848, 'TCP', 'raw', 60, 'C2S', '39.109.196.42', 53951, '172.16.16.150', 135, 'unknown', '1:1257:15', 2, 'Attempted Denial of Service', 'allow', NULL, 'Open', 3, '{\"latitude\":1.3931,\"country_code2\":\"SG\",\"location\":{\"lat\":1.3931,\"lon\":103.8817},\"city_name\":\"Singapore\",\"continent_code\":\"AS\",\"timezone\":\"Asia/Singapore\",\"longitude\":103.8817,\"postal_code\":\"79\",\"country_code3\":\"SG\",\"country_name\":\"Singapore\",\"ip\":\"39.109.196.42\"}'),
(78, '2024-11-09 15:43:18', '2024-11-09 15:43:18', 7853, 'UDP', 'raw', 328, 'C2S', '39.109.196.42', 54043, '172.16.16.150', 42283, 'unknown', '1:1390:17', 1, 'Executable code was detected', 'allow', 'Q0NDQ0NDQ0NDQ0NDQ0NDQ0NDQ0NDQ0NDQ0NDQ0NDQ0NDQ0NDQ0NDQ0NDQ0NDQ0NDQ0NDQ0NDQ0NDQ0NDQ0NDQ0NDQ0NDQ0NDQ0NDQ0NDQ0NDQ0NDQ0NDQ0NDQ0NDQ0NDQ0NDQ0NDQ0NDQ0NDQ0NDQ0NDQ0NDQ0NDQ0NDQ0NDQ0NDQ0NDQ0NDQ0NDQ0NDQ0NDQ0NDQ0NDQ0NDQ0NDQ0NDQ0NDQ0NDQ0NDQ0NDQ0NDQ0NDQ0NDQ0NDQ0NDQ0NDQ0NDQ0NDQ0NDQ0NDQ0NDQ0NDQ0NDQ0NDQ0NDQ0NDQ0NDQ0NDQ0NDQ0NDQ0NDQ0NDQ0NDQ0NDQ0NDQ0NDQ0NDQ0NDQ0NDQ0NDQ0NDQ0NDQ0NDQ0NDQ0NDQ0NDQ0NDQ0NDQ0NDQ0NDQ0NDQ0NDQ0ND', 'Open', 2, '{\"latitude\":1.3931,\"country_code2\":\"SG\",\"location\":{\"lat\":1.3931,\"lon\":103.8817},\"city_name\":\"Singapore\",\"continent_code\":\"AS\",\"timezone\":\"Asia/Singapore\",\"longitude\":103.8817,\"postal_code\":\"79\",\"country_code3\":\"SG\",\"country_name\":\"Singapore\",\"ip\":\"39.109.196.42\"}'),
(79, '2024-11-09 15:43:18', '2024-11-09 15:43:18', 7856, 'TCP', 'raw', 60, 'C2S', '39.109.196.42', 53951, '172.16.16.150', 135, 'unknown', '1:1257:15', 2, 'Attempted Denial of Service', 'allow', NULL, 'Open', 1, NULL),
(80, '2024-11-09 15:43:25', '2024-11-09 15:45:15', 13625, 'TCP', 'raw', 44, 'C2S', '39.109.197.40', 36051, '64.13.134.52', 161, 'unknown', '1:1418:19', 2, 'Attempted Information Leak', 'allow', NULL, 'Open', 12, '{\"latitude\":1.3931,\"country_code2\":\"SG\",\"location\":{\"lat\":1.3931,\"lon\":103.8817},\"city_name\":\"Singapore\",\"continent_code\":\"AS\",\"timezone\":\"Asia/Singapore\",\"longitude\":103.8817,\"postal_code\":\"79\",\"country_code3\":\"SG\",\"country_name\":\"Singapore\",\"ip\":\"39.109.197.40\"}'),
(81, '2024-11-09 15:46:09', '2024-11-09 15:46:09', 13933, 'ICMP', 'raw', 148, 'C2S', '172.16.16.150', NULL, '172.16.16.128', NULL, 'unknown', '1:408:8', 3, 'Misc activity', 'allow', 'AAAAAAAAAAAAAAAAAAAAAAAAAAAAAAAAAAAAAAAAAAAAAAAAAAAAAAAAAAAAAAAAAAAAAAAAAAAAAAAAAAAAAAAAAAAAAAAAAAAAAAAAAAAAAAAAAAAAAAAAAAAAAAAAAAAAAAAAAAAAAAAAAAAAAAAAAAAAAAAA', 'Open', 2, '{}'),
(82, '2024-11-09 15:46:09', '2024-11-09 15:46:09', 13934, 'ICMP', 'raw', 178, 'C2S', '39.109.196.42', NULL, '172.16.16.150', NULL, 'unknown', '1:29456:3', 2, 'Information Leak', 'allow', 'AAAAAAAAAAAAAAAAAAAAAAAAAAAAAAAAAAAAAAAAAAAAAAAAAAAAAAAAAAAAAAAAAAAAAAAAAAAAAAAAAAAAAAAAAAAAAAAAAAAAAAAAAAAAAAAAAAAAAAAAAAAAAAAAAAAAAAAAAAAAAAAAAAAAAAAAAAAAAAAAAAAAAAAAAAAAAAAAAAAAAAAAAAAAAAAAAAAAAAAA', 'Open', 1, NULL),
(83, '2024-11-09 15:46:09', '2024-11-09 15:46:09', 13935, 'ICMP', 'raw', 178, 'C2S', '172.16.16.150', NULL, '172.16.16.128', NULL, 'unknown', '1:408:8', 3, 'Misc activity', 'allow', 'AAAAAAAAAAAAAAAAAAAAAAAAAAAAAAAAAAAAAAAAAAAAAAAAAAAAAAAAAAAAAAAAAAAAAAAAAAAAAAAAAAAAAAAAAAAAAAAAAAAAAAAAAAAAAAAAAAAAAAAAAAAAAAAAAAAAAAAAAAAAAAAAAAAAAAAAAAAAAAAAAAAAAAAAAAAAAAAAAAAAAAAAAAAAAAAAAAAAAAAA', 'Open', 2, '{}'),
(84, '2024-11-09 15:46:09', '2024-11-09 15:46:09', 13936, 'UDP', 'raw', 328, 'C2S', '39.109.196.42', 54043, '172.16.16.150', 42283, 'unknown', '1:1390:17', 1, 'Executable code was detected', 'allow', 'Q0NDQ0NDQ0NDQ0NDQ0NDQ0NDQ0NDQ0NDQ0NDQ0NDQ0NDQ0NDQ0NDQ0NDQ0NDQ0NDQ0NDQ0NDQ0NDQ0NDQ0NDQ0NDQ0NDQ0NDQ0NDQ0NDQ0NDQ0NDQ0NDQ0NDQ0NDQ0NDQ0NDQ0NDQ0NDQ0NDQ0NDQ0NDQ0NDQ0NDQ0NDQ0NDQ0NDQ0NDQ0NDQ0NDQ0NDQ0NDQ0NDQ0NDQ0NDQ0NDQ0NDQ0NDQ0NDQ0NDQ0NDQ0NDQ0NDQ0NDQ0NDQ0NDQ0NDQ0NDQ0NDQ0NDQ0NDQ0NDQ0NDQ0NDQ0NDQ0NDQ0NDQ0NDQ0NDQ0NDQ0NDQ0NDQ0NDQ0NDQ0NDQ0NDQ0NDQ0NDQ0NDQ0NDQ0NDQ0NDQ0NDQ0NDQ0NDQ0NDQ0NDQ0NDQ0NDQ0NDQ0NDQ0NDQ0NDQ0ND', 'Open', 1, NULL),
(85, '2024-11-09 15:46:09', '2024-11-09 15:46:09', 13940, 'TCP', 'raw', 60, 'C2S', '39.109.196.42', 53951, '172.16.16.150', 135, 'unknown', '1:1257:15', 2, 'Attempted Denial of Service', 'allow', NULL, 'Open', 1, NULL),
(86, '2024-11-09 15:46:09', '2024-11-09 15:46:09', 13945, 'UDP', 'raw', 328, 'C2S', '39.109.196.42', 54043, '172.16.16.150', 42283, 'unknown', '1:1390:17', 1, 'Executable code was detected', 'allow', 'Q0NDQ0NDQ0NDQ0NDQ0NDQ0NDQ0NDQ0NDQ0NDQ0NDQ0NDQ0NDQ0NDQ0NDQ0NDQ0NDQ0NDQ0NDQ0NDQ0NDQ0NDQ0NDQ0NDQ0NDQ0NDQ0NDQ0NDQ0NDQ0NDQ0NDQ0NDQ0NDQ0NDQ0NDQ0NDQ0NDQ0NDQ0NDQ0NDQ0NDQ0NDQ0NDQ0NDQ0NDQ0NDQ0NDQ0NDQ0NDQ0NDQ0NDQ0NDQ0NDQ0NDQ0NDQ0NDQ0NDQ0NDQ0NDQ0NDQ0NDQ0NDQ0NDQ0NDQ0NDQ0NDQ0NDQ0NDQ0NDQ0NDQ0NDQ0NDQ0NDQ0NDQ0NDQ0NDQ0NDQ0NDQ0NDQ0NDQ0NDQ0NDQ0NDQ0NDQ0NDQ0NDQ0NDQ0NDQ0NDQ0NDQ0NDQ0NDQ0NDQ0NDQ0NDQ0NDQ0NDQ0NDQ0NDQ0NDQ0ND', 'Open', 1, NULL),
(87, '2024-11-09 15:46:09', '2024-11-09 15:46:09', 13947, 'TCP', 'raw', 60, 'C2S', '39.109.196.42', 53951, '172.16.16.150', 135, 'unknown', '1:1257:15', 2, 'Attempted Denial of Service', 'allow', NULL, 'Open', 1, NULL),
(88, '2024-11-09 15:46:09', '2024-11-09 15:46:09', 13952, 'UDP', 'raw', 328, 'C2S', '39.109.196.42', 54043, '172.16.16.150', 42283, 'unknown', '1:1390:17', 1, 'Executable code was detected', 'allow', 'Q0NDQ0NDQ0NDQ0NDQ0NDQ0NDQ0NDQ0NDQ0NDQ0NDQ0NDQ0NDQ0NDQ0NDQ0NDQ0NDQ0NDQ0NDQ0NDQ0NDQ0NDQ0NDQ0NDQ0NDQ0NDQ0NDQ0NDQ0NDQ0NDQ0NDQ0NDQ0NDQ0NDQ0NDQ0NDQ0NDQ0NDQ0NDQ0NDQ0NDQ0NDQ0NDQ0NDQ0NDQ0NDQ0NDQ0NDQ0NDQ0NDQ0NDQ0NDQ0NDQ0NDQ0NDQ0NDQ0NDQ0NDQ0NDQ0NDQ0NDQ0NDQ0NDQ0NDQ0NDQ0NDQ0NDQ0NDQ0NDQ0NDQ0NDQ0NDQ0NDQ0NDQ0NDQ0NDQ0NDQ0NDQ0NDQ0NDQ0NDQ0NDQ0NDQ0NDQ0NDQ0NDQ0NDQ0NDQ0NDQ0NDQ0NDQ0NDQ0NDQ0NDQ0NDQ0NDQ0NDQ0NDQ0NDQ0NDQ0ND', 'Open', 1, NULL),
(89, '2024-11-09 15:46:09', '2024-11-09 15:46:09', 13954, 'TCP', 'raw', 60, 'C2S', '39.109.196.42', 53951, '172.16.16.150', 135, 'unknown', '1:1257:15', 2, 'Attempted Denial of Service', 'allow', NULL, 'Open', 1, NULL),
(90, '2024-11-09 15:46:53', '2024-11-09 15:46:53', 13959, 'UDP', 'raw', 328, 'C2S', '39.109.196.42', 54043, '172.16.16.150', 42283, 'unknown', '1:1390:17', 1, 'Executable code was detected', 'allow', 'Q0NDQ0NDQ0NDQ0NDQ0NDQ0NDQ0NDQ0NDQ0NDQ0NDQ0NDQ0NDQ0NDQ0NDQ0NDQ0NDQ0NDQ0NDQ0NDQ0NDQ0NDQ0NDQ0NDQ0NDQ0NDQ0NDQ0NDQ0NDQ0NDQ0NDQ0NDQ0NDQ0NDQ0NDQ0NDQ0NDQ0NDQ0NDQ0NDQ0NDQ0NDQ0NDQ0NDQ0NDQ0NDQ0NDQ0NDQ0NDQ0NDQ0NDQ0NDQ0NDQ0NDQ0NDQ0NDQ0NDQ0NDQ0NDQ0NDQ0NDQ0NDQ0NDQ0NDQ0NDQ0NDQ0NDQ0NDQ0NDQ0NDQ0NDQ0NDQ0NDQ0NDQ0NDQ0NDQ0NDQ0NDQ0NDQ0NDQ0NDQ0NDQ0NDQ0NDQ0NDQ0NDQ0NDQ0NDQ0NDQ0NDQ0NDQ0NDQ0NDQ0NDQ0NDQ0NDQ0NDQ0NDQ0NDQ0NDQ0ND', 'Open', 1, NULL),
(91, '2024-11-09 15:46:53', '2024-11-09 15:46:53', 13962, 'TCP', 'raw', 60, 'C2S', '39.109.196.42', 53951, '172.16.16.150', 135, 'unknown', '1:1257:15', 2, 'Attempted Denial of Service', 'allow', NULL, 'Open', 1, NULL),
(92, '2024-11-09 15:46:53', '2024-11-09 15:46:53', 13984, 'ICMP', 'raw', 148, 'C2S', '172.16.16.150', NULL, '172.16.16.128', NULL, 'unknown', '1:408:8', 3, 'Misc activity', 'allow', 'AAAAAAAAAAAAAAAAAAAAAAAAAAAAAAAAAAAAAAAAAAAAAAAAAAAAAAAAAAAAAAAAAAAAAAAAAAAAAAAAAAAAAAAAAAAAAAAAAAAAAAAAAAAAAAAAAAAAAAAAAAAAAAAAAAAAAAAAAAAAAAAAAAAAAAAAAAAAAAAA', 'Open', 2, '{}'),
(93, '2024-11-09 15:46:53', '2024-11-09 15:46:53', 13985, 'ICMP', 'raw', 178, 'C2S', '39.109.196.42', NULL, '172.16.16.150', NULL, 'unknown', '1:29456:3', 2, 'Information Leak', 'allow', 'AAAAAAAAAAAAAAAAAAAAAAAAAAAAAAAAAAAAAAAAAAAAAAAAAAAAAAAAAAAAAAAAAAAAAAAAAAAAAAAAAAAAAAAAAAAAAAAAAAAAAAAAAAAAAAAAAAAAAAAAAAAAAAAAAAAAAAAAAAAAAAAAAAAAAAAAAAAAAAAAAAAAAAAAAAAAAAAAAAAAAAAAAAAAAAAAAAAAAAAA', 'Open', 1, NULL),
(94, '2024-11-09 15:46:53', '2024-11-09 15:46:53', 13986, 'ICMP', 'raw', 178, 'C2S', '172.16.16.150', NULL, '172.16.16.128', NULL, 'unknown', '1:408:8', 3, 'Misc activity', 'allow', 'AAAAAAAAAAAAAAAAAAAAAAAAAAAAAAAAAAAAAAAAAAAAAAAAAAAAAAAAAAAAAAAAAAAAAAAAAAAAAAAAAAAAAAAAAAAAAAAAAAAAAAAAAAAAAAAAAAAAAAAAAAAAAAAAAAAAAAAAAAAAAAAAAAAAAAAAAAAAAAAAAAAAAAAAAAAAAAAAAAAAAAAAAAAAAAAAAAAAAAAA', 'Open', 2, '{}'),
(95, '2024-11-09 15:46:53', '2024-11-09 15:46:53', 13987, 'UDP', 'raw', 328, 'C2S', '39.109.196.42', 54043, '172.16.16.150', 42283, 'unknown', '1:1390:17', 1, 'Executable code was detected', 'allow', 'Q0NDQ0NDQ0NDQ0NDQ0NDQ0NDQ0NDQ0NDQ0NDQ0NDQ0NDQ0NDQ0NDQ0NDQ0NDQ0NDQ0NDQ0NDQ0NDQ0NDQ0NDQ0NDQ0NDQ0NDQ0NDQ0NDQ0NDQ0NDQ0NDQ0NDQ0NDQ0NDQ0NDQ0NDQ0NDQ0NDQ0NDQ0NDQ0NDQ0NDQ0NDQ0NDQ0NDQ0NDQ0NDQ0NDQ0NDQ0NDQ0NDQ0NDQ0NDQ0NDQ0NDQ0NDQ0NDQ0NDQ0NDQ0NDQ0NDQ0NDQ0NDQ0NDQ0NDQ0NDQ0NDQ0NDQ0NDQ0NDQ0NDQ0NDQ0NDQ0NDQ0NDQ0NDQ0NDQ0NDQ0NDQ0NDQ0NDQ0NDQ0NDQ0NDQ0NDQ0NDQ0NDQ0NDQ0NDQ0NDQ0NDQ0NDQ0NDQ0NDQ0NDQ0NDQ0NDQ0NDQ0NDQ0NDQ0NDQ0ND', 'Open', 1, NULL),
(96, '2024-11-09 15:46:53', '2024-11-09 15:46:53', 13991, 'TCP', 'raw', 60, 'C2S', '39.109.196.42', 53951, '172.16.16.150', 135, 'unknown', '1:1257:15', 2, 'Attempted Denial of Service', 'allow', NULL, 'Open', 1, NULL),
(97, '2024-11-09 15:46:53', '2024-11-09 15:46:53', 13996, 'UDP', 'raw', 328, 'C2S', '39.109.196.42', 54043, '172.16.16.150', 42283, 'unknown', '1:1390:17', 1, 'Executable code was detected', 'allow', 'Q0NDQ0NDQ0NDQ0NDQ0NDQ0NDQ0NDQ0NDQ0NDQ0NDQ0NDQ0NDQ0NDQ0NDQ0NDQ0NDQ0NDQ0NDQ0NDQ0NDQ0NDQ0NDQ0NDQ0NDQ0NDQ0NDQ0NDQ0NDQ0NDQ0NDQ0NDQ0NDQ0NDQ0NDQ0NDQ0NDQ0NDQ0NDQ0NDQ0NDQ0NDQ0NDQ0NDQ0NDQ0NDQ0NDQ0NDQ0NDQ0NDQ0NDQ0NDQ0NDQ0NDQ0NDQ0NDQ0NDQ0NDQ0NDQ0NDQ0NDQ0NDQ0NDQ0NDQ0NDQ0NDQ0NDQ0NDQ0NDQ0NDQ0NDQ0NDQ0NDQ0NDQ0NDQ0NDQ0NDQ0NDQ0NDQ0NDQ0NDQ0NDQ0NDQ0NDQ0NDQ0NDQ0NDQ0NDQ0NDQ0NDQ0NDQ0NDQ0NDQ0NDQ0NDQ0NDQ0NDQ0NDQ0NDQ0NDQ0ND', 'Open', 1, NULL),
(98, '2024-11-09 15:46:53', '2024-11-09 15:46:53', 13998, 'TCP', 'raw', 60, 'C2S', '39.109.196.42', 53951, '172.16.16.150', 135, 'unknown', '1:1257:15', 2, 'Attempted Denial of Service', 'allow', NULL, 'Open', 1, NULL),
(99, '2024-11-09 15:46:53', '2024-11-09 15:46:53', 14003, 'UDP', 'raw', 328, 'C2S', '39.109.196.42', 54043, '172.16.16.150', 42283, 'unknown', '1:1390:17', 1, 'Executable code was detected', 'allow', 'Q0NDQ0NDQ0NDQ0NDQ0NDQ0NDQ0NDQ0NDQ0NDQ0NDQ0NDQ0NDQ0NDQ0NDQ0NDQ0NDQ0NDQ0NDQ0NDQ0NDQ0NDQ0NDQ0NDQ0NDQ0NDQ0NDQ0NDQ0NDQ0NDQ0NDQ0NDQ0NDQ0NDQ0NDQ0NDQ0NDQ0NDQ0NDQ0NDQ0NDQ0NDQ0NDQ0NDQ0NDQ0NDQ0NDQ0NDQ0NDQ0NDQ0NDQ0NDQ0NDQ0NDQ0NDQ0NDQ0NDQ0NDQ0NDQ0NDQ0NDQ0NDQ0NDQ0NDQ0NDQ0NDQ0NDQ0NDQ0NDQ0NDQ0NDQ0NDQ0NDQ0NDQ0NDQ0NDQ0NDQ0NDQ0NDQ0NDQ0NDQ0NDQ0NDQ0NDQ0NDQ0NDQ0NDQ0NDQ0NDQ0NDQ0NDQ0NDQ0NDQ0NDQ0NDQ0NDQ0NDQ0NDQ0NDQ0NDQ0ND', 'Open', 1, NULL),
(100, '2024-11-09 15:46:53', '2024-11-09 15:46:53', 14005, 'TCP', 'raw', 60, 'C2S', '39.109.196.42', 53951, '172.16.16.150', 135, 'unknown', '1:1257:15', 2, 'Attempted Denial of Service', 'allow', NULL, 'Open', 1, NULL),
(101, '2024-11-09 15:46:53', '2024-11-09 15:46:53', 14010, 'UDP', 'raw', 328, 'C2S', '39.109.196.42', 54043, '172.16.16.150', 42283, 'unknown', '1:1390:17', 1, 'Executable code was detected', 'allow', 'Q0NDQ0NDQ0NDQ0NDQ0NDQ0NDQ0NDQ0NDQ0NDQ0NDQ0NDQ0NDQ0NDQ0NDQ0NDQ0NDQ0NDQ0NDQ0NDQ0NDQ0NDQ0NDQ0NDQ0NDQ0NDQ0NDQ0NDQ0NDQ0NDQ0NDQ0NDQ0NDQ0NDQ0NDQ0NDQ0NDQ0NDQ0NDQ0NDQ0NDQ0NDQ0NDQ0NDQ0NDQ0NDQ0NDQ0NDQ0NDQ0NDQ0NDQ0NDQ0NDQ0NDQ0NDQ0NDQ0NDQ0NDQ0NDQ0NDQ0NDQ0NDQ0NDQ0NDQ0NDQ0NDQ0NDQ0NDQ0NDQ0NDQ0NDQ0NDQ0NDQ0NDQ0NDQ0NDQ0NDQ0NDQ0NDQ0NDQ0NDQ0NDQ0NDQ0NDQ0NDQ0NDQ0NDQ0NDQ0NDQ0NDQ0NDQ0NDQ0NDQ0NDQ0NDQ0NDQ0NDQ0NDQ0NDQ0NDQ0ND', 'Open', 1, NULL),
(102, '2024-11-09 15:46:53', '2024-11-09 15:46:53', 14013, 'TCP', 'raw', 60, 'C2S', '39.109.196.42', 53951, '172.16.16.150', 135, 'unknown', '1:1257:15', 2, 'Attempted Denial of Service', 'allow', NULL, 'Open', 1, NULL),
(103, '2024-11-09 15:47:07', '2024-11-09 15:47:09', 15741, 'TCP', 'raw', 44, 'C2S', '39.109.197.40', 36051, '64.13.134.52', 161, 'unknown', '1:1418:19', 2, 'Attempted Information Leak', 'allow', NULL, 'Open', 4, '{\"latitude\":1.3931,\"country_code2\":\"SG\",\"location\":{\"lat\":1.3931,\"lon\":103.8817},\"city_name\":\"Singapore\",\"continent_code\":\"AS\",\"timezone\":\"Asia/Singapore\",\"longitude\":103.8817,\"postal_code\":\"79\",\"country_code3\":\"SG\",\"country_name\":\"Singapore\",\"ip\":\"39.109.197.40\"}'),
(104, '2024-11-09 15:48:35', '2024-11-09 15:48:35', 16042, 'ICMP', 'raw', 84, 'C2S', '10.0.2.4', NULL, '10.0.2.7', NULL, 'unknown', '1:384:8', 3, 'Misc activity', 'allow', 'WdklZwAAAACLRwEAAAAAABAREhMUFRYXGBkaGxwdHh8gISIjJCUmJygpKissLS4vMDEyMzQ1Njc=', 'Open', 2, '{}'),
(105, '2024-11-09 15:48:35', '2024-11-09 15:48:35', 16040, 'ICMP', 'raw', 84, 'C2S', '10.0.2.4', NULL, '10.0.2.7', NULL, 'unknown', '1:29456:3', 2, 'Information Leak', 'allow', 'WNklZwAAAACOPgEAAAAAABAREhMUFRYXGBkaGxwdHh8gISIjJCUmJygpKissLS4vMDEyMzQ1Njc=', 'Open', 1, NULL),
(106, '2024-11-09 15:48:35', '2024-11-09 15:48:35', 16044, 'ICMP', 'raw', 84, 'C2S', '10.0.2.4', NULL, '10.0.2.7', NULL, 'unknown', '1:366:11', 3, 'Misc activity', 'allow', 'WtklZwAAAAARUAEAAAAAABAREhMUFRYXGBkaGxwdHh8gISIjJCUmJygpKissLS4vMDEyMzQ1Njc=', 'Open', 1, NULL),
(107, '2024-11-09 15:48:35', '2024-11-09 15:48:35', 16044, 'ICMP', 'raw', 84, 'C2S', '10.0.2.4', NULL, '10.0.2.7', NULL, 'unknown', '1:29456:3', 2, 'Information Leak', 'allow', 'WtklZwAAAAARUAEAAAAAABAREhMUFRYXGBkaGxwdHh8gISIjJCUmJygpKissLS4vMDEyMzQ1Njc=', 'Open', 1, NULL),
(108, '2024-11-09 15:48:35', '2024-11-09 15:48:35', 16042, 'ICMP', 'raw', 84, 'C2S', '10.0.2.4', NULL, '10.0.2.7', NULL, 'unknown', '1:366:11', 3, 'Misc activity', 'allow', 'WdklZwAAAACLRwEAAAAAABAREhMUFRYXGBkaGxwdHh8gISIjJCUmJygpKissLS4vMDEyMzQ1Njc=', 'Open', 6, '{}'),
(109, '2024-11-09 15:48:35', '2024-11-09 15:48:35', 16042, 'ICMP', 'raw', 84, 'C2S', '10.0.2.4', NULL, '10.0.2.7', NULL, 'unknown', '1:29456:3', 2, 'Information Leak', 'allow', 'WdklZwAAAACLRwEAAAAAABAREhMUFRYXGBkaGxwdHh8gISIjJCUmJygpKissLS4vMDEyMzQ1Njc=', 'Open', 2, '{}'),
(110, '2024-11-09 15:48:35', '2024-11-09 15:48:35', 16047, 'ICMP', 'raw', 84, 'S2C', '10.0.2.7', NULL, '10.0.2.4', NULL, 'unknown', '1:408:8', 3, 'Misc activity', 'allow', 'W9klZwAAAAAsWQEAAAAAABAREhMUFRYXGBkaGxwdHh8gISIjJCUmJygpKissLS4vMDEyMzQ1Njc=', 'Open', 3, '{}'),
(111, '2024-11-09 15:48:35', '2024-11-09 15:48:35', 16081, 'TCP', 'raw', 60, 'C2S', '39.109.196.42', 53951, '172.16.16.150', 135, 'unknown', '1:1257:15', 2, 'Attempted Denial of Service', 'allow', NULL, 'Open', 1, NULL),
(112, '2024-11-09 15:48:35', '2024-11-09 15:48:35', 16048, 'ICMP', 'raw', 84, 'C2S', '10.0.2.4', NULL, '10.0.2.7', NULL, 'unknown', '1:366:11', 3, 'Misc activity', 'allow', 'XNklZwAAAAD1eAEAAAAAABAREhMUFRYXGBkaGxwdHh8gISIjJCUmJygpKissLS4vMDEyMzQ1Njc=', 'Open', 1, NULL),
(113, '2024-11-09 15:48:35', '2024-11-09 15:48:35', 16048, 'ICMP', 'raw', 84, 'C2S', '10.0.2.4', NULL, '10.0.2.7', NULL, 'unknown', '1:29456:3', 2, 'Information Leak', 'allow', 'XNklZwAAAAD1eAEAAAAAABAREhMUFRYXGBkaGxwdHh8gISIjJCUmJygpKissLS4vMDEyMzQ1Njc=', 'Open', 1, NULL),
(114, '2024-11-09 15:48:35', '2024-11-09 15:48:35', 16067, 'ICMP', 'raw', 148, 'C2S', '172.16.16.150', NULL, '172.16.16.128', NULL, 'unknown', '1:408:8', 3, 'Misc activity', 'allow', 'AAAAAAAAAAAAAAAAAAAAAAAAAAAAAAAAAAAAAAAAAAAAAAAAAAAAAAAAAAAAAAAAAAAAAAAAAAAAAAAAAAAAAAAAAAAAAAAAAAAAAAAAAAAAAAAAAAAAAAAAAAAAAAAAAAAAAAAAAAAAAAAAAAAAAAAAAAAAAAAA', 'Open', 4, '{}'),
(115, '2024-11-09 15:48:35', '2024-11-09 15:48:35', 16068, 'ICMP', 'raw', 178, 'C2S', '39.109.196.42', NULL, '172.16.16.150', NULL, 'unknown', '1:29456:3', 2, 'Information Leak', 'allow', 'AAAAAAAAAAAAAAAAAAAAAAAAAAAAAAAAAAAAAAAAAAAAAAAAAAAAAAAAAAAAAAAAAAAAAAAAAAAAAAAAAAAAAAAAAAAAAAAAAAAAAAAAAAAAAAAAAAAAAAAAAAAAAAAAAAAAAAAAAAAAAAAAAAAAAAAAAAAAAAAAAAAAAAAAAAAAAAAAAAAAAAAAAAAAAAAAAAAAAAAA', 'Open', 1, NULL),
(116, '2024-11-09 15:48:35', '2024-11-09 15:48:35', 16069, 'ICMP', 'raw', 178, 'C2S', '172.16.16.150', NULL, '172.16.16.128', NULL, 'unknown', '1:408:8', 3, 'Misc activity', 'allow', 'AAAAAAAAAAAAAAAAAAAAAAAAAAAAAAAAAAAAAAAAAAAAAAAAAAAAAAAAAAAAAAAAAAAAAAAAAAAAAAAAAAAAAAAAAAAAAAAAAAAAAAAAAAAAAAAAAAAAAAAAAAAAAAAAAAAAAAAAAAAAAAAAAAAAAAAAAAAAAAAAAAAAAAAAAAAAAAAAAAAAAAAAAAAAAAAAAAAAAAAA', 'Open', 2, '{}'),
(117, '2024-11-09 15:48:35', '2024-11-09 15:48:35', 16070, 'UDP', 'raw', 328, 'C2S', '39.109.196.42', 54043, '172.16.16.150', 42283, 'unknown', '1:1390:17', 1, 'Executable code was detected', 'allow', 'Q0NDQ0NDQ0NDQ0NDQ0NDQ0NDQ0NDQ0NDQ0NDQ0NDQ0NDQ0NDQ0NDQ0NDQ0NDQ0NDQ0NDQ0NDQ0NDQ0NDQ0NDQ0NDQ0NDQ0NDQ0NDQ0NDQ0NDQ0NDQ0NDQ0NDQ0NDQ0NDQ0NDQ0NDQ0NDQ0NDQ0NDQ0NDQ0NDQ0NDQ0NDQ0NDQ0NDQ0NDQ0NDQ0NDQ0NDQ0NDQ0NDQ0NDQ0NDQ0NDQ0NDQ0NDQ0NDQ0NDQ0NDQ0NDQ0NDQ0NDQ0NDQ0NDQ0NDQ0NDQ0NDQ0NDQ0NDQ0NDQ0NDQ0NDQ0NDQ0NDQ0NDQ0NDQ0NDQ0NDQ0NDQ0NDQ0NDQ0NDQ0NDQ0NDQ0NDQ0NDQ0NDQ0NDQ0NDQ0NDQ0NDQ0NDQ0NDQ0NDQ0NDQ0NDQ0NDQ0NDQ0NDQ0NDQ0NDQ0ND', 'Open', 1, NULL),
(118, '2024-11-09 15:48:35', '2024-11-09 15:48:35', 16074, 'TCP', 'raw', 60, 'C2S', '39.109.196.42', 53951, '172.16.16.150', 135, 'unknown', '1:1257:15', 2, 'Attempted Denial of Service', 'allow', NULL, 'Open', 1, NULL),
(119, '2024-11-09 15:48:35', '2024-11-09 15:48:35', 16086, 'UDP', 'raw', 328, 'C2S', '39.109.196.42', 54043, '172.16.16.150', 42283, 'unknown', '1:1390:17', 1, 'Executable code was detected', 'allow', 'Q0NDQ0NDQ0NDQ0NDQ0NDQ0NDQ0NDQ0NDQ0NDQ0NDQ0NDQ0NDQ0NDQ0NDQ0NDQ0NDQ0NDQ0NDQ0NDQ0NDQ0NDQ0NDQ0NDQ0NDQ0NDQ0NDQ0NDQ0NDQ0NDQ0NDQ0NDQ0NDQ0NDQ0NDQ0NDQ0NDQ0NDQ0NDQ0NDQ0NDQ0NDQ0NDQ0NDQ0NDQ0NDQ0NDQ0NDQ0NDQ0NDQ0NDQ0NDQ0NDQ0NDQ0NDQ0NDQ0NDQ0NDQ0NDQ0NDQ0NDQ0NDQ0NDQ0NDQ0NDQ0NDQ0NDQ0NDQ0NDQ0NDQ0NDQ0NDQ0NDQ0NDQ0NDQ0NDQ0NDQ0NDQ0NDQ0NDQ0NDQ0NDQ0NDQ0NDQ0NDQ0NDQ0NDQ0NDQ0NDQ0NDQ0NDQ0NDQ0NDQ0NDQ0NDQ0NDQ0NDQ0NDQ0NDQ0NDQ0ND', 'Open', 2, '{\"latitude\":1.3931,\"country_code2\":\"SG\",\"location\":{\"lat\":1.3931,\"lon\":103.8817},\"city_name\":\"Singapore\",\"continent_code\":\"AS\",\"timezone\":\"Asia/Singapore\",\"longitude\":103.8817,\"postal_code\":\"79\",\"country_code3\":\"SG\",\"country_name\":\"Singapore\",\"ip\":\"39.109.196.42\"}'),
(120, '2024-11-09 15:48:35', '2024-11-09 15:48:35', 16088, 'TCP', 'raw', 60, 'C2S', '39.109.196.42', 53951, '172.16.16.150', 135, 'unknown', '1:1257:15', 2, 'Attempted Denial of Service', 'allow', NULL, 'Open', 1, NULL),
(121, '2024-11-09 15:48:35', '2024-11-09 15:48:35', 16093, 'UDP', 'raw', 328, 'C2S', '39.109.196.42', 54043, '172.16.16.150', 42283, 'unknown', '1:1390:17', 1, 'Executable code was detected', 'allow', 'Q0NDQ0NDQ0NDQ0NDQ0NDQ0NDQ0NDQ0NDQ0NDQ0NDQ0NDQ0NDQ0NDQ0NDQ0NDQ0NDQ0NDQ0NDQ0NDQ0NDQ0NDQ0NDQ0NDQ0NDQ0NDQ0NDQ0NDQ0NDQ0NDQ0NDQ0NDQ0NDQ0NDQ0NDQ0NDQ0NDQ0NDQ0NDQ0NDQ0NDQ0NDQ0NDQ0NDQ0NDQ0NDQ0NDQ0NDQ0NDQ0NDQ0NDQ0NDQ0NDQ0NDQ0NDQ0NDQ0NDQ0NDQ0NDQ0NDQ0NDQ0NDQ0NDQ0NDQ0NDQ0NDQ0NDQ0NDQ0NDQ0NDQ0NDQ0NDQ0NDQ0NDQ0NDQ0NDQ0NDQ0NDQ0NDQ0NDQ0NDQ0NDQ0NDQ0NDQ0NDQ0NDQ0NDQ0NDQ0NDQ0NDQ0NDQ0NDQ0NDQ0NDQ0NDQ0NDQ0NDQ0NDQ0NDQ0NDQ0ND', 'Open', 1, NULL),
(122, '2024-11-09 15:49:27', '2024-11-09 15:49:27', 16096, 'TCP', 'raw', 60, 'C2S', '39.109.196.42', 53951, '172.16.16.150', 135, 'unknown', '1:1257:15', 2, 'Attempted Denial of Service', 'allow', NULL, 'Open', 1, NULL),
(123, '2024-11-09 15:49:27', '2024-11-09 15:49:27', 16115, 'ICMP', 'raw', 148, 'C2S', '172.16.16.150', NULL, '172.16.16.128', NULL, 'unknown', '1:408:8', 3, 'Misc activity', 'allow', 'AAAAAAAAAAAAAAAAAAAAAAAAAAAAAAAAAAAAAAAAAAAAAAAAAAAAAAAAAAAAAAAAAAAAAAAAAAAAAAAAAAAAAAAAAAAAAAAAAAAAAAAAAAAAAAAAAAAAAAAAAAAAAAAAAAAAAAAAAAAAAAAAAAAAAAAAAAAAAAAA', 'Open', 2, '{}'),
(124, '2024-11-09 15:49:27', '2024-11-09 15:49:27', 16116, 'ICMP', 'raw', 178, 'C2S', '39.109.196.42', NULL, '172.16.16.150', NULL, 'unknown', '1:29456:3', 2, 'Information Leak', 'allow', 'AAAAAAAAAAAAAAAAAAAAAAAAAAAAAAAAAAAAAAAAAAAAAAAAAAAAAAAAAAAAAAAAAAAAAAAAAAAAAAAAAAAAAAAAAAAAAAAAAAAAAAAAAAAAAAAAAAAAAAAAAAAAAAAAAAAAAAAAAAAAAAAAAAAAAAAAAAAAAAAAAAAAAAAAAAAAAAAAAAAAAAAAAAAAAAAAAAAAAAAA', 'Open', 1, NULL),
(125, '2024-11-09 15:49:27', '2024-11-09 15:49:27', 16122, 'TCP', 'raw', 60, 'C2S', '39.109.196.42', 53951, '172.16.16.150', 135, 'unknown', '1:1257:15', 2, 'Attempted Denial of Service', 'allow', NULL, 'Open', 1, NULL),
(126, '2024-11-09 15:49:27', '2024-11-09 15:49:27', 16117, 'ICMP', 'raw', 178, 'C2S', '172.16.16.150', NULL, '172.16.16.128', NULL, 'unknown', '1:408:8', 3, 'Misc activity', 'allow', 'AAAAAAAAAAAAAAAAAAAAAAAAAAAAAAAAAAAAAAAAAAAAAAAAAAAAAAAAAAAAAAAAAAAAAAAAAAAAAAAAAAAAAAAAAAAAAAAAAAAAAAAAAAAAAAAAAAAAAAAAAAAAAAAAAAAAAAAAAAAAAAAAAAAAAAAAAAAAAAAAAAAAAAAAAAAAAAAAAAAAAAAAAAAAAAAAAAAAAAAA', 'Open', 2, '{}'),
(127, '2024-11-09 15:49:27', '2024-11-09 15:49:27', 16127, 'UDP', 'raw', 328, 'C2S', '39.109.196.42', 54043, '172.16.16.150', 42283, 'unknown', '1:1390:17', 1, 'Executable code was detected', 'allow', 'Q0NDQ0NDQ0NDQ0NDQ0NDQ0NDQ0NDQ0NDQ0NDQ0NDQ0NDQ0NDQ0NDQ0NDQ0NDQ0NDQ0NDQ0NDQ0NDQ0NDQ0NDQ0NDQ0NDQ0NDQ0NDQ0NDQ0NDQ0NDQ0NDQ0NDQ0NDQ0NDQ0NDQ0NDQ0NDQ0NDQ0NDQ0NDQ0NDQ0NDQ0NDQ0NDQ0NDQ0NDQ0NDQ0NDQ0NDQ0NDQ0NDQ0NDQ0NDQ0NDQ0NDQ0NDQ0NDQ0NDQ0NDQ0NDQ0NDQ0NDQ0NDQ0NDQ0NDQ0NDQ0NDQ0NDQ0NDQ0NDQ0NDQ0NDQ0NDQ0NDQ0NDQ0NDQ0NDQ0NDQ0NDQ0NDQ0NDQ0NDQ0NDQ0NDQ0NDQ0NDQ0NDQ0NDQ0NDQ0NDQ0NDQ0NDQ0NDQ0NDQ0NDQ0NDQ0NDQ0NDQ0NDQ0NDQ0NDQ0ND', 'Open', 2, '{\"latitude\":1.3931,\"country_code2\":\"SG\",\"location\":{\"lat\":1.3931,\"lon\":103.8817},\"city_name\":\"Singapore\",\"continent_code\":\"AS\",\"timezone\":\"Asia/Singapore\",\"longitude\":103.8817,\"postal_code\":\"79\",\"country_code3\":\"SG\",\"country_name\":\"Singapore\",\"ip\":\"39.109.196.42\"}'),
(128, '2024-11-09 15:49:27', '2024-11-09 15:49:27', 16129, 'TCP', 'raw', 60, 'C2S', '39.109.196.42', 53951, '172.16.16.150', 135, 'unknown', '1:1257:15', 2, 'Attempted Denial of Service', 'allow', NULL, 'Open', 1, NULL);
INSERT INTO `alerts` (`id`, `start_timestamp`, `end_timestamp`, `pkt_num`, `protocol`, `pkt_gen`, `pkt_len`, `direction`, `src_addr`, `src_port`, `dst_addr`, `dst_port`, `service`, `rule`, `priority`, `class`, `action`, `b64_data`, `status`, `count`, `geoip`) VALUES
(129, '2024-11-09 15:49:27', '2024-11-09 15:49:27', 16134, 'UDP', 'raw', 328, 'C2S', '39.109.196.42', 54043, '172.16.16.150', 42283, 'unknown', '1:1390:17', 1, 'Executable code was detected', 'allow', 'Q0NDQ0NDQ0NDQ0NDQ0NDQ0NDQ0NDQ0NDQ0NDQ0NDQ0NDQ0NDQ0NDQ0NDQ0NDQ0NDQ0NDQ0NDQ0NDQ0NDQ0NDQ0NDQ0NDQ0NDQ0NDQ0NDQ0NDQ0NDQ0NDQ0NDQ0NDQ0NDQ0NDQ0NDQ0NDQ0NDQ0NDQ0NDQ0NDQ0NDQ0NDQ0NDQ0NDQ0NDQ0NDQ0NDQ0NDQ0NDQ0NDQ0NDQ0NDQ0NDQ0NDQ0NDQ0NDQ0NDQ0NDQ0NDQ0NDQ0NDQ0NDQ0NDQ0NDQ0NDQ0NDQ0NDQ0NDQ0NDQ0NDQ0NDQ0NDQ0NDQ0NDQ0NDQ0NDQ0NDQ0NDQ0NDQ0NDQ0NDQ0NDQ0NDQ0NDQ0NDQ0NDQ0NDQ0NDQ0NDQ0NDQ0NDQ0NDQ0NDQ0NDQ0NDQ0NDQ0NDQ0NDQ0NDQ0NDQ0ND', 'Open', 1, NULL),
(130, '2024-11-09 15:49:27', '2024-11-09 15:49:27', 16136, 'TCP', 'raw', 60, 'C2S', '39.109.196.42', 53951, '172.16.16.150', 135, 'unknown', '1:1257:15', 2, 'Attempted Denial of Service', 'allow', NULL, 'Open', 1, NULL),
(131, '2024-11-09 15:49:27', '2024-11-09 15:49:27', 16141, 'UDP', 'raw', 328, 'C2S', '39.109.196.42', 54043, '172.16.16.150', 42283, 'unknown', '1:1390:17', 1, 'Executable code was detected', 'allow', 'Q0NDQ0NDQ0NDQ0NDQ0NDQ0NDQ0NDQ0NDQ0NDQ0NDQ0NDQ0NDQ0NDQ0NDQ0NDQ0NDQ0NDQ0NDQ0NDQ0NDQ0NDQ0NDQ0NDQ0NDQ0NDQ0NDQ0NDQ0NDQ0NDQ0NDQ0NDQ0NDQ0NDQ0NDQ0NDQ0NDQ0NDQ0NDQ0NDQ0NDQ0NDQ0NDQ0NDQ0NDQ0NDQ0NDQ0NDQ0NDQ0NDQ0NDQ0NDQ0NDQ0NDQ0NDQ0NDQ0NDQ0NDQ0NDQ0NDQ0NDQ0NDQ0NDQ0NDQ0NDQ0NDQ0NDQ0NDQ0NDQ0NDQ0NDQ0NDQ0NDQ0NDQ0NDQ0NDQ0NDQ0NDQ0NDQ0NDQ0NDQ0NDQ0NDQ0NDQ0NDQ0NDQ0NDQ0NDQ0NDQ0NDQ0NDQ0NDQ0NDQ0NDQ0NDQ0NDQ0NDQ0NDQ0NDQ0NDQ0ND', 'Open', 1, NULL),
(132, '2024-11-09 15:49:27', '2024-11-09 15:49:27', 16144, 'TCP', 'raw', 60, 'C2S', '39.109.196.42', 53951, '172.16.16.150', 135, 'unknown', '1:1257:15', 2, 'Attempted Denial of Service', 'allow', NULL, 'Open', 1, NULL),
(133, '2024-11-09 15:49:41', '2024-11-09 15:49:41', 17179, 'TCP', 'raw', 44, 'C2S', '39.109.197.40', 36051, '64.13.134.52', 705, 'unknown', '1:1421:19', 2, 'Attempted Information Leak', 'allow', NULL, 'Open', 4, '{\"latitude\":1.3931,\"country_code2\":\"SG\",\"location\":{\"lat\":1.3931,\"lon\":103.8817},\"city_name\":\"Singapore\",\"continent_code\":\"AS\",\"timezone\":\"Asia/Singapore\",\"longitude\":103.8817,\"postal_code\":\"79\",\"country_code3\":\"SG\",\"country_name\":\"Singapore\",\"ip\":\"39.109.197.40\"}'),
(134, '2024-11-09 15:51:07', '2024-11-09 15:51:07', 18178, 'ICMP', 'raw', 84, 'C2S', '10.0.2.4', NULL, '10.0.2.7', NULL, 'unknown', '1:29456:3', 2, 'Information Leak', 'allow', 'WNklZwAAAACOPgEAAAAAABAREhMUFRYXGBkaGxwdHh8gISIjJCUmJygpKissLS4vMDEyMzQ1Njc=', 'Open', 1, NULL),
(135, '2024-11-09 15:51:07', '2024-11-09 15:51:07', 18179, 'ICMP', 'raw', 84, 'S2C', '10.0.2.7', NULL, '10.0.2.4', NULL, 'unknown', '1:408:8', 3, 'Misc activity', 'allow', 'WNklZwAAAACOPgEAAAAAABAREhMUFRYXGBkaGxwdHh8gISIjJCUmJygpKissLS4vMDEyMzQ1Njc=', 'Open', 1, NULL),
(136, '2024-11-09 15:51:07', '2024-11-09 15:51:07', 18180, 'ICMP', 'raw', 84, 'C2S', '10.0.2.4', NULL, '10.0.2.7', NULL, 'unknown', '1:29456:3', 2, 'Information Leak', 'allow', 'WdklZwAAAACLRwEAAAAAABAREhMUFRYXGBkaGxwdHh8gISIjJCUmJygpKissLS4vMDEyMzQ1Njc=', 'Open', 1, NULL),
(137, '2024-11-09 15:51:07', '2024-11-09 15:51:07', 18182, 'ICMP', 'raw', 84, 'C2S', '10.0.2.4', NULL, '10.0.2.7', NULL, 'unknown', '1:366:11', 3, 'Misc activity', 'allow', 'WtklZwAAAAARUAEAAAAAABAREhMUFRYXGBkaGxwdHh8gISIjJCUmJygpKissLS4vMDEyMzQ1Njc=', 'Open', 6, '{}'),
(138, '2024-11-09 15:51:07', '2024-11-09 15:51:07', 18182, 'ICMP', 'raw', 84, 'C2S', '10.0.2.4', NULL, '10.0.2.7', NULL, 'unknown', '1:29456:3', 2, 'Information Leak', 'allow', 'WtklZwAAAAARUAEAAAAAABAREhMUFRYXGBkaGxwdHh8gISIjJCUmJygpKissLS4vMDEyMzQ1Njc=', 'Open', 1, NULL),
(139, '2024-11-09 15:51:07', '2024-11-09 15:51:07', 18184, 'ICMP', 'raw', 84, 'C2S', '10.0.2.4', NULL, '10.0.2.7', NULL, 'unknown', '1:366:11', 3, 'Misc activity', 'allow', 'W9klZwAAAAAsWQEAAAAAABAREhMUFRYXGBkaGxwdHh8gISIjJCUmJygpKissLS4vMDEyMzQ1Njc=', 'Open', 3, '{}'),
(140, '2024-11-09 15:51:07', '2024-11-09 15:51:07', 18184, 'ICMP', 'raw', 84, 'C2S', '10.0.2.4', NULL, '10.0.2.7', NULL, 'unknown', '1:29456:3', 2, 'Information Leak', 'allow', 'W9klZwAAAAAsWQEAAAAAABAREhMUFRYXGBkaGxwdHh8gISIjJCUmJygpKissLS4vMDEyMzQ1Njc=', 'Open', 1, NULL),
(141, '2024-11-09 15:51:07', '2024-11-09 15:51:07', 18186, 'ICMP', 'raw', 84, 'C2S', '10.0.2.4', NULL, '10.0.2.7', NULL, 'unknown', '1:366:11', 3, 'Misc activity', 'allow', 'XNklZwAAAAD1eAEAAAAAABAREhMUFRYXGBkaGxwdHh8gISIjJCUmJygpKissLS4vMDEyMzQ1Njc=', 'Open', 3, '{}'),
(142, '2024-11-09 15:51:07', '2024-11-09 15:51:07', 18186, 'ICMP', 'raw', 84, 'C2S', '10.0.2.4', NULL, '10.0.2.7', NULL, 'unknown', '1:29456:3', 2, 'Information Leak', 'allow', 'XNklZwAAAAD1eAEAAAAAABAREhMUFRYXGBkaGxwdHh8gISIjJCUmJygpKissLS4vMDEyMzQ1Njc=', 'Open', 1, NULL),
(143, '2024-11-09 15:51:07', '2024-11-09 15:51:07', 18187, 'ICMP', 'raw', 84, 'S2C', '10.0.2.7', NULL, '10.0.2.4', NULL, 'unknown', '1:408:8', 3, 'Misc activity', 'allow', 'XNklZwAAAAD1eAEAAAAAABAREhMUFRYXGBkaGxwdHh8gISIjJCUmJygpKissLS4vMDEyMzQ1Njc=', 'Open', 2, '{}'),
(144, '2024-11-09 15:51:12', '2024-11-09 15:51:12', 19908, 'TCP', 'raw', 44, 'C2S', '39.109.197.40', 36051, '64.13.134.52', 161, 'unknown', '1:1418:19', 2, 'Attempted Information Leak', 'allow', NULL, 'Open', 4, '{\"latitude\":1.3931,\"country_code2\":\"SG\",\"location\":{\"lat\":1.3931,\"lon\":103.8817},\"city_name\":\"Singapore\",\"continent_code\":\"AS\",\"timezone\":\"Asia/Singapore\",\"longitude\":103.8817,\"postal_code\":\"79\",\"country_code3\":\"SG\",\"country_name\":\"Singapore\",\"ip\":\"39.109.197.40\"}'),
(145, '2024-11-09 15:52:37', '2024-11-09 15:52:37', 20222, 'ICMP', 'raw', 148, 'C2S', '39.109.196.42', NULL, '172.16.16.150', NULL, 'unknown', '1:365:11', 3, 'Misc activity', 'allow', 'AAAAAAAAAAAAAAAAAAAAAAAAAAAAAAAAAAAAAAAAAAAAAAAAAAAAAAAAAAAAAAAAAAAAAAAAAAAAAAAAAAAAAAAAAAAAAAAAAAAAAAAAAAAAAAAAAAAAAAAAAAAAAAAAAAAAAAAAAAAAAAAAAAAAAAAAAAAAAAAA', 'Open', 1, NULL),
(146, '2024-11-09 15:52:37', '2024-11-09 15:52:37', 20224, 'ICMP', 'raw', 178, 'C2S', '39.109.196.42', NULL, '172.16.16.150', NULL, 'unknown', '1:29456:3', 2, 'Information Leak', 'allow', 'AAAAAAAAAAAAAAAAAAAAAAAAAAAAAAAAAAAAAAAAAAAAAAAAAAAAAAAAAAAAAAAAAAAAAAAAAAAAAAAAAAAAAAAAAAAAAAAAAAAAAAAAAAAAAAAAAAAAAAAAAAAAAAAAAAAAAAAAAAAAAAAAAAAAAAAAAAAAAAAAAAAAAAAAAAAAAAAAAAAAAAAAAAAAAAAAAAAAAAAA', 'Open', 1, NULL),
(147, '2024-11-09 15:52:37', '2024-11-09 15:52:37', 20223, 'ICMP', 'raw', 148, 'C2S', '172.16.16.150', NULL, '172.16.16.128', NULL, 'unknown', '1:408:8', 3, 'Misc activity', 'allow', 'AAAAAAAAAAAAAAAAAAAAAAAAAAAAAAAAAAAAAAAAAAAAAAAAAAAAAAAAAAAAAAAAAAAAAAAAAAAAAAAAAAAAAAAAAAAAAAAAAAAAAAAAAAAAAAAAAAAAAAAAAAAAAAAAAAAAAAAAAAAAAAAAAAAAAAAAAAAAAAAA', 'Open', 2, '{}'),
(148, '2024-11-09 15:52:37', '2024-11-09 15:52:37', 20230, 'TCP', 'raw', 60, 'C2S', '39.109.196.42', 53951, '172.16.16.150', 135, 'unknown', '1:1257:15', 2, 'Attempted Denial of Service', 'allow', NULL, 'Open', 1, NULL),
(149, '2024-11-09 15:52:37', '2024-11-09 15:52:37', 20261, 'ICMP', 'raw', 84, 'S2C', '10.0.2.7', NULL, '10.0.2.4', NULL, 'unknown', '1:408:8', 3, 'Misc activity', 'allow', 'WdklZwAAAACLRwEAAAAAABAREhMUFRYXGBkaGxwdHh8gISIjJCUmJygpKissLS4vMDEyMzQ1Njc=', 'Open', 2, '{}'),
(150, '2024-11-09 15:52:37', '2024-11-09 15:52:37', 20235, 'UDP', 'raw', 328, 'C2S', '39.109.196.42', 54043, '172.16.16.150', 42283, 'unknown', '1:1390:17', 1, 'Executable code was detected', 'allow', 'Q0NDQ0NDQ0NDQ0NDQ0NDQ0NDQ0NDQ0NDQ0NDQ0NDQ0NDQ0NDQ0NDQ0NDQ0NDQ0NDQ0NDQ0NDQ0NDQ0NDQ0NDQ0NDQ0NDQ0NDQ0NDQ0NDQ0NDQ0NDQ0NDQ0NDQ0NDQ0NDQ0NDQ0NDQ0NDQ0NDQ0NDQ0NDQ0NDQ0NDQ0NDQ0NDQ0NDQ0NDQ0NDQ0NDQ0NDQ0NDQ0NDQ0NDQ0NDQ0NDQ0NDQ0NDQ0NDQ0NDQ0NDQ0NDQ0NDQ0NDQ0NDQ0NDQ0NDQ0NDQ0NDQ0NDQ0NDQ0NDQ0NDQ0NDQ0NDQ0NDQ0NDQ0NDQ0NDQ0NDQ0NDQ0NDQ0NDQ0NDQ0NDQ0NDQ0NDQ0NDQ0NDQ0NDQ0NDQ0NDQ0NDQ0NDQ0NDQ0NDQ0NDQ0NDQ0NDQ0NDQ0NDQ0NDQ0NDQ0ND', 'Open', 2, '{\"latitude\":1.3931,\"country_code2\":\"SG\",\"location\":{\"lat\":1.3931,\"lon\":103.8817},\"city_name\":\"Singapore\",\"continent_code\":\"AS\",\"timezone\":\"Asia/Singapore\",\"longitude\":103.8817,\"postal_code\":\"79\",\"country_code3\":\"SG\",\"country_name\":\"Singapore\",\"ip\":\"39.109.196.42\"}'),
(151, '2024-11-09 15:52:37', '2024-11-09 15:52:37', 20237, 'TCP', 'raw', 60, 'C2S', '39.109.196.42', 53951, '172.16.16.150', 135, 'unknown', '1:1257:15', 2, 'Attempted Denial of Service', 'allow', NULL, 'Open', 1, NULL),
(152, '2024-11-09 15:52:37', '2024-11-09 15:52:37', 20242, 'UDP', 'raw', 328, 'C2S', '39.109.196.42', 54043, '172.16.16.150', 42283, 'unknown', '1:1390:17', 1, 'Executable code was detected', 'allow', 'Q0NDQ0NDQ0NDQ0NDQ0NDQ0NDQ0NDQ0NDQ0NDQ0NDQ0NDQ0NDQ0NDQ0NDQ0NDQ0NDQ0NDQ0NDQ0NDQ0NDQ0NDQ0NDQ0NDQ0NDQ0NDQ0NDQ0NDQ0NDQ0NDQ0NDQ0NDQ0NDQ0NDQ0NDQ0NDQ0NDQ0NDQ0NDQ0NDQ0NDQ0NDQ0NDQ0NDQ0NDQ0NDQ0NDQ0NDQ0NDQ0NDQ0NDQ0NDQ0NDQ0NDQ0NDQ0NDQ0NDQ0NDQ0NDQ0NDQ0NDQ0NDQ0NDQ0NDQ0NDQ0NDQ0NDQ0NDQ0NDQ0NDQ0NDQ0NDQ0NDQ0NDQ0NDQ0NDQ0NDQ0NDQ0NDQ0NDQ0NDQ0NDQ0NDQ0NDQ0NDQ0NDQ0NDQ0NDQ0NDQ0NDQ0NDQ0NDQ0NDQ0NDQ0NDQ0NDQ0NDQ0NDQ0NDQ0NDQ0ND', 'Open', 1, NULL),
(153, '2024-11-09 15:52:37', '2024-11-09 15:52:37', 20244, 'TCP', 'raw', 60, 'C2S', '39.109.196.42', 53951, '172.16.16.150', 135, 'unknown', '1:1257:15', 2, 'Attempted Denial of Service', 'allow', NULL, 'Open', 1, NULL),
(154, '2024-11-09 15:52:37', '2024-11-09 15:52:37', 20249, 'UDP', 'raw', 328, 'C2S', '39.109.196.42', 54043, '172.16.16.150', 42283, 'unknown', '1:1390:17', 1, 'Executable code was detected', 'allow', 'Q0NDQ0NDQ0NDQ0NDQ0NDQ0NDQ0NDQ0NDQ0NDQ0NDQ0NDQ0NDQ0NDQ0NDQ0NDQ0NDQ0NDQ0NDQ0NDQ0NDQ0NDQ0NDQ0NDQ0NDQ0NDQ0NDQ0NDQ0NDQ0NDQ0NDQ0NDQ0NDQ0NDQ0NDQ0NDQ0NDQ0NDQ0NDQ0NDQ0NDQ0NDQ0NDQ0NDQ0NDQ0NDQ0NDQ0NDQ0NDQ0NDQ0NDQ0NDQ0NDQ0NDQ0NDQ0NDQ0NDQ0NDQ0NDQ0NDQ0NDQ0NDQ0NDQ0NDQ0NDQ0NDQ0NDQ0NDQ0NDQ0NDQ0NDQ0NDQ0NDQ0NDQ0NDQ0NDQ0NDQ0NDQ0NDQ0NDQ0NDQ0NDQ0NDQ0NDQ0NDQ0NDQ0NDQ0NDQ0NDQ0NDQ0NDQ0NDQ0NDQ0NDQ0NDQ0NDQ0NDQ0NDQ0NDQ0NDQ0ND', 'Open', 1, NULL),
(155, '2024-11-09 15:52:37', '2024-11-09 15:52:37', 20252, 'TCP', 'raw', 60, 'C2S', '39.109.196.42', 53951, '172.16.16.150', 135, 'unknown', '1:1257:15', 2, 'Attempted Denial of Service', 'allow', NULL, 'Open', 1, NULL),
(156, '2024-11-09 15:52:37', '2024-11-09 15:52:37', 20258, 'ICMP', 'raw', 84, 'C2S', '10.0.2.4', NULL, '10.0.2.7', NULL, 'unknown', '1:366:11', 3, 'Misc activity', 'allow', 'WNklZwAAAACOPgEAAAAAABAREhMUFRYXGBkaGxwdHh8gISIjJCUmJygpKissLS4vMDEyMzQ1Njc=', 'Open', 1, NULL),
(157, '2024-11-09 15:52:37', '2024-11-09 15:52:37', 20258, 'ICMP', 'raw', 84, 'C2S', '10.0.2.4', NULL, '10.0.2.7', NULL, 'unknown', '1:29456:3', 2, 'Information Leak', 'allow', 'WNklZwAAAACOPgEAAAAAABAREhMUFRYXGBkaGxwdHh8gISIjJCUmJygpKissLS4vMDEyMzQ1Njc=', 'Open', 1, NULL),
(158, '2024-11-09 15:52:37', '2024-11-09 15:52:37', 20260, 'ICMP', 'raw', 84, 'C2S', '10.0.2.4', NULL, '10.0.2.7', NULL, 'unknown', '1:366:11', 3, 'Misc activity', 'allow', 'WdklZwAAAACLRwEAAAAAABAREhMUFRYXGBkaGxwdHh8gISIjJCUmJygpKissLS4vMDEyMzQ1Njc=', 'Open', 3, '{}'),
(159, '2024-11-09 15:52:37', '2024-11-09 15:52:37', 20260, 'ICMP', 'raw', 84, 'C2S', '10.0.2.4', NULL, '10.0.2.7', NULL, 'unknown', '1:29456:3', 2, 'Information Leak', 'allow', 'WdklZwAAAACLRwEAAAAAABAREhMUFRYXGBkaGxwdHh8gISIjJCUmJygpKissLS4vMDEyMzQ1Njc=', 'Open', 1, NULL),
(160, '2024-11-09 15:52:37', '2024-11-09 15:52:37', 20262, 'ICMP', 'raw', 84, 'C2S', '10.0.2.4', NULL, '10.0.2.7', NULL, 'unknown', '1:366:11', 3, 'Misc activity', 'allow', 'WtklZwAAAAARUAEAAAAAABAREhMUFRYXGBkaGxwdHh8gISIjJCUmJygpKissLS4vMDEyMzQ1Njc=', 'Open', 2, '{}'),
(161, '2024-11-09 15:52:37', '2024-11-09 15:52:37', 20262, 'ICMP', 'raw', 84, 'C2S', '10.0.2.4', NULL, '10.0.2.7', NULL, 'unknown', '1:29456:3', 2, 'Information Leak', 'allow', 'WtklZwAAAAARUAEAAAAAABAREhMUFRYXGBkaGxwdHh8gISIjJCUmJygpKissLS4vMDEyMzQ1Njc=', 'Open', 1, NULL),
(162, '2024-11-09 15:52:37', '2024-11-09 15:53:00', 20264, 'ICMP', 'raw', 84, 'C2S', '10.0.2.4', NULL, '10.0.2.7', NULL, 'unknown', '1:366:11', 3, 'Misc activity', 'allow', 'W9klZwAAAAAsWQEAAAAAABAREhMUFRYXGBkaGxwdHh8gISIjJCUmJygpKissLS4vMDEyMzQ1Njc=', 'Open', 3, '{}'),
(163, '2024-11-09 15:53:00', '2024-11-09 15:53:00', 20264, 'ICMP', 'raw', 84, 'C2S', '10.0.2.4', NULL, '10.0.2.7', NULL, 'unknown', '1:29456:3', 2, 'Information Leak', 'allow', 'W9klZwAAAAAsWQEAAAAAABAREhMUFRYXGBkaGxwdHh8gISIjJCUmJygpKissLS4vMDEyMzQ1Njc=', 'Open', 1, NULL),
(164, '2024-11-09 15:53:00', '2024-11-09 15:53:00', 20266, 'ICMP', 'raw', 84, 'C2S', '10.0.2.4', NULL, '10.0.2.7', NULL, 'unknown', '1:366:11', 3, 'Misc activity', 'allow', 'XNklZwAAAAD1eAEAAAAAABAREhMUFRYXGBkaGxwdHh8gISIjJCUmJygpKissLS4vMDEyMzQ1Njc=', 'Open', 3, '{}'),
(165, '2024-11-09 15:53:00', '2024-11-09 15:53:00', 20266, 'ICMP', 'raw', 84, 'C2S', '10.0.2.4', NULL, '10.0.2.7', NULL, 'unknown', '1:29456:3', 2, 'Information Leak', 'allow', 'XNklZwAAAAD1eAEAAAAAABAREhMUFRYXGBkaGxwdHh8gISIjJCUmJygpKissLS4vMDEyMzQ1Njc=', 'Open', 1, NULL),
(166, '2024-11-09 15:53:00', '2024-11-09 15:53:00', 20267, 'ICMP', 'raw', 84, 'S2C', '10.0.2.7', NULL, '10.0.2.4', NULL, 'unknown', '1:408:8', 3, 'Misc activity', 'allow', 'XNklZwAAAAD1eAEAAAAAABAREhMUFRYXGBkaGxwdHh8gISIjJCUmJygpKissLS4vMDEyMzQ1Njc=', 'Open', 2, '{}');


--
-- Table structure for table `user`
--

CREATE TABLE `user` (
  `user_id` int(11) NOT NULL AUTO_INCREMENT,
  `full_name` varchar(100) NOT NULL,
  `username` varchar(30) UNIQUE NOT NULL,
  `password` varchar(255) NOT NULL,
  `phone` varchar(20) UNIQUE NOT NULL,
  `email` varchar(50) UNIQUE NOT NULL,
  `organisation_name` varchar(100) NOT NULL,
  `profile_id` int(11) NOT NULL,
  `plan_id` int(11) NOT NULL,
  `active` tinyint(1) DEFAULT 1,
  PRIMARY KEY (`user_id`)
) ENGINE=InnoDB DEFAULT CHARSET=utf8mb4 COLLATE=utf8mb4_general_ci;

--
-- Dumping data for table `user`
--

INSERT INTO `user` (`full_name`, `username`, `password`, `phone`, `email`, `organisation_name`, `profile_id`, `plan_id`, `active`) VALUES
('Frankie Lee', 'flee', '$2b$12$d.vVdacMBWoOGYt3hhP5ve6sPlyQvDg4Q6y6FWEyOZ8Zba.IZ7KpS', '98431863', 'flee@gmail.com', 'Yishun Men', 1, 1, 1),
('Keith Min Khant Thu', 'mkt', '$2b$12$FtLxoZ4N1fYrWq2uSojTueByM7rbjWrqm4g8OzUZ1lWMfCLs5U1i2', '96864135', 'mkt@gmail.com', 'Burmese Monk', 1, 2, 1),
('Roydenn', 'roy', '$2b$12$FtLxoZ4N1fYrWq2uSojTueByM7rbjWrqm4g8OzUZ1lWMfCLs5U1i2', '12300023', 'roy@gmail.com', 'Sumo Temple', 2, 2, 1),
('Jeslyn Wangsa', 'jeslyn', '$2b$12$vzRro9BBYxFBA5g4w2QQx.yRnZs2ozXA0rDv5bG8XZt123tuKz7Ea', '82123642', 'jeslyn@gmail.com', 'SIM simps', 1, 1, 1),
('Ervina', 'ervina', '$2b$12$s8JBCotREd1RSMwetiZFAOUwNJtjPotfqf53vSrlthoAQKg.aObVS', '81105273', 'ervina@gmail.com', 'SIM simps', 2, 2, 1);

-- --------------------------------------------------------

--
-- Table structure for table `user_profile`
--

CREATE TABLE `user_profile` (
  `profile_id` int(11) NOT NULL,
  `profile_name` varchar(50) NOT NULL,
  PRIMARY KEY (`profile_id`)
) ENGINE=InnoDB DEFAULT CHARSET=utf8mb4 COLLATE=utf8mb4_general_ci;

--
-- Dumping data for table `user_profile`
--

INSERT INTO `user_profile` (`profile_id`, `profile_name`) VALUES
(1, 'Network Administrator'),
(2, 'Management');

-- --------------------------------------------------------

--
-- Table structure for table `feedback`
--

CREATE TABLE `feedback` (
  `feedback_id` int(11) NOT NULL AUTO_INCREMENT,
  `user_id` int(11) NOT NULL,
  `rating` tinyint(1) NOT NULL,
  `review` varchar(255) DEFAULT NULL,
  PRIMARY KEY (`feedback_id`)
) ENGINE=InnoDB DEFAULT CHARSET=utf8mb4 COLLATE=utf8mb4_general_ci;

--
-- Dumping data for table `feedback`
--

INSERT INTO `feedback` (`feedback_id`, `user_id`, `rating`, `review`) VALUES
(1, 1, 5, 'very nice');

-- --------------------------------------------------------

--
-- Table structure for table `plan`
--

CREATE TABLE `plan` (
  `plan_id` int(11) NOT NULL,
  `plan_type` varchar(50) NOT NULL,
  PRIMARY KEY (`plan_id`)
) ENGINE=InnoDB DEFAULT CHARSET=utf8mb4 COLLATE=utf8mb4_general_ci;

--
-- Dumping data for table `plan`
--

INSERT INTO `plan` (`plan_id`, `plan_type`) VALUES
(1, 'Basic Plan'),
(2, 'Premium Plan');

-- --------------------------------------------------------
--
-- Table structure for table `login_history`
--

CREATE TABLE `login_history` (
  `user_id` int(11) NOT NULL,
  `timestamp` varchar(50) DEFAULT NULL,
  `status` enum('Successful Login','Unsuccessful login') NOT NULL
) ENGINE=InnoDB DEFAULT CHARSET=utf8mb4 COLLATE=utf8mb4_general_ci;

-- --------------------------------------------------------
--
-- Table structure for table `notification`
--

CREATE TABLE `notification` (
  `id` int(11) NOT NULL AUTO_INCREMENT,
  `alert_id` int(11) NOT NULL,
  PRIMARY KEY (`id`)
) ENGINE=InnoDB DEFAULT CHARSET=utf8mb4 COLLATE=utf8mb4_general_ci;


-- --------------------------------------------------------
--
-- Table structure for table `reference_number`
--

CREATE TABLE `reference_number` (
  `rule` varchar(30),
  `reference_type` varchar(30) NOT NULL,
  `reference_no` varchar(255),
  PRIMARY KEY (`rule`)
) ENGINE=InnoDB DEFAULT CHARSET=utf8mb4 COLLATE=utf8mb4_general_ci;

--
-- Dumping data for table `reference_number`
--

-- INSERT INTO `reference_number` (`rule`, `reference_type`, `reference_no`) VALUES 
-- ('1:1257:15', 'cve', 'CVE-1999-0153'),
-- ('1:1421:19', 'cve', 'CVE-2002-0012, CVE-2002-0013'),
-- ('1:1418:19', 'cve', 'CVE-2002-0012, CVE-2002-0013'),
-- ('1:402:16', 'cve', 'CVE-2004-0790, CVE-2005-0068');


-- --------------------------------------------------------
--
-- Table structure for table `reference_detail`
--

CREATE TABLE `reference_detail` (
  `reference_type` varchar(30) NOT NULL,
  `reference_no` varchar(255) NOT NULL PRIMARY KEY,
  `description` text NOT NULL,
  `cvss_score` decimal(3,1) NULL
) ENGINE=InnoDB DEFAULT CHARSET=utf8mb4 COLLATE=utf8mb4_general_ci;

--
-- Dumping data for table `reference_detail`
--

-- INSERT INTO `reference_detail` (
--                 `reference_type`,
--                 `reference_no`,
--                 `description`,
--                 `cvss_score`) 
-- VALUES (
--   'cve',
--   'CVE-2004-0790',
--   'Multiple TCP/IP and ICMP implementations allow remote attackers to cause a denial of service (reset TCP connections) via spoofed ICMP error messages, aka the "blind connection-reset attack."  NOTE: CVE-2004-0790, CVE-2004-0791, and CVE-2004-1060 have been SPLIT based on different attacks; CVE-2005-0065, CVE-2005-0066, CVE-2005-0067, and CVE-2005-0068 are related identifiers that are SPLIT based on the underlying vulnerability.  While CVE normally SPLITs based on vulnerability, the attack-based identifiers exist due to the variety and number of affected implementations and solutions that address the attacks instead of the underlying vulnerabilities.',
--   5.0
--   );


-- --------------------------------------------------------

--
-- Indexes for table `user`
--
ALTER TABLE `user`
  ADD INDEX `idx_profile_id` (`profile_id`),
  ADD INDEX `idx_plan_id` (`plan_id`);

--
-- Indexes for table `feedback`
--
ALTER TABLE `feedback`
  ADD INDEX `idx_feedback` (`rating`,`review`),
  ADD INDEX `feedback_ibfk_1` (`user_id`);

--
-- Indexes for table `login_history`
--
ALTER TABLE `login_history`
  ADD INDEX (`timestamp`);

-- --------------------------------------------------------

--
-- Constraints for table `user`
--
ALTER TABLE `user`
  ADD CONSTRAINT `user_ibfk_1` FOREIGN KEY (`profile_id`) REFERENCES `user_profile` (`profile_id`),
  ADD CONSTRAINT `user_ibfk_2` FOREIGN KEY (`plan_id`) REFERENCES `plan` (`plan_id`),
  ADD CONSTRAINT `chk_mgt_plan` CHECK (NOT (`profile_id` = 2 AND `plan_id` <> 2));

--
-- Constraints for table `feedback`
--
ALTER TABLE `feedback`
  ADD CONSTRAINT `feedback_ibfk_1` FOREIGN KEY (`user_id`) REFERENCES `user` (`user_id`);

--
-- Constraints for table `login_history`
--
ALTER TABLE `login_history`
  ADD CONSTRAINT `login_history_ibfk_1` FOREIGN KEY (`user_id`) REFERENCES `user` (`user_id`);


--
-- Constraints for table `notification`
--
ALTER TABLE `notification`
  ADD CONSTRAINT `notification_ibfk_1` FOREIGN KEY (`alert_id`) REFERENCES `alerts` (`id`);

-- --
-- -- Constraints for table `reference_number`
-- --
ALTER TABLE `reference_number`
  ADD CONSTRAINT `reference_number_ibfk_1` FOREIGN KEY (`reference_no`) REFERENCES `reference_detail` (`reference_no`);

DELIMITER $$

CREATE PROCEDURE aggregate(
    IN cur_timestamp TIMESTAMP,
    IN pkt_num bigint(20),
    IN protocol varchar(30),
    IN pkt_gen varchar(30),
    IN pkt_len int(11),
    IN direction varchar(10),
    IN src_addr varchar(50),
    IN src_port int(11),
    IN dst_addr varchar(50),
    IN dst_port int(11),
    IN service varchar(50),
    IN rule varchar(30),
    IN priority int(11),
    IN class_name varchar(100),
    IN action varchar(20),
    IN b64_data text,
    IN geoip text
)
BEGIN
 
  DECLARE previous_id int(11);
  DECLARE previous_start_timestamp TIMESTAMP;
  DECLARE previous_end_timestamp TIMESTAMP;
  DECLARE previous_src_addr varchar(50);
  DECLARE previous_class varchar(100);
  
  SET cur_timestamp = CURRENT_TIMESTAMP();

  SELECT id, start_timestamp, end_timestamp, src_addr, class 
  INTO previous_id, previous_start_timestamp, previous_end_timestamp, previous_src_addr, previous_class
  FROM alerts
  ORDER BY id DESC 
  LIMIT 1;
  
  IF previous_end_timestamp IS NOT NULL 
     AND TIMESTAMPDIFF(MINUTE, previous_end_timestamp, cur_timestamp) <= 5
     AND class_name = previous_class 
     AND src_addr = previous_src_addr THEN 
     
     UPDATE alerts 
     SET end_timestamp = cur_timestamp,
          pkt_num = pkt_num,
          protocol = protocol,
          pkt_gen = pkt_gen, 
          pkt_len = pkt_len, 
          direction = direction,
          src_addr = src_addr, 
          src_port = src_port, 
          dst_addr = dst_addr, 
          dst_port = dst_port, 
          service = service, 
          rule = rule, 
          priority = priority,
          action = action, 
          b64_data = b64_data,
          count = count + 1,
          geoip = geoip
      WHERE id = previous_id;
      
  ELSEIF previous_end_timestamp IS NULL 
      AND class_name = previous_class 
      AND src_addr = previous_src_addr THEN
      
      UPDATE alerts 
      SET end_timestamp = cur_timestamp,
          pkt_num = pkt_num,
          protocol = protocol,
          pkt_gen = pkt_gen, 
          pkt_len = pkt_len, 
          direction = direction,
          src_port = src_port, 
          dst_addr = dst_addr, 
          dst_port = dst_port, 
          service = service, 
          rule = rule, 
          priority = priority,
          action = action, 
          b64_data = b64_data,
          count = count + 1,
          geoip = geoip
      WHERE id = previous_id;
  ELSE
      INSERT INTO alerts (start_timestamp, end_timestamp,pkt_num, protocol, pkt_gen, pkt_len, direction, src_addr, src_port, dst_addr, dst_port, service, rule, priority, class, action, b64_data, count)
      VALUES (cur_timestamp, cur_timestamp,pkt_num, protocol, pkt_gen, pkt_len, direction, src_addr, src_port, dst_addr, dst_port, service, rule, priority, class_name, action, b64_data, 1);

  
  END IF;
END$$

DELIMITER ;


--
-- Triggers `crit_alert`
--

DELIMITER $$
CREATE TRIGGER `crit_alert` AFTER INSERT ON `alerts` 
FOR EACH ROW 
  IF NEW.priority = 1 THEN
    INSERT INTO `notification` (alert_id) VALUES (NEW.id);
  END IF
$$
DELIMITER ;


COMMIT;
/*!40101 SET CHARACTER_SET_CLIENT=@OLD_CHARACTER_SET_CLIENT */;
/*!40101 SET CHARACTER_SET_RESULTS=@OLD_CHARACTER_SET_RESULTS */;
/*!40101 SET COLLATION_CONNECTION=@OLD_COLLATION_CONNECTION */;